-- MySQL dump 10.16  Distrib 10.2.8-MariaDB, for Win64 (AMD64)
--
-- Host: localhost    Database: mixcont_com
-- ------------------------------------------------------
-- Server version	10.2.8-MariaDB

/*!40101 SET @OLD_CHARACTER_SET_CLIENT=@@CHARACTER_SET_CLIENT */;
/*!40101 SET @OLD_CHARACTER_SET_RESULTS=@@CHARACTER_SET_RESULTS */;
/*!40101 SET @OLD_COLLATION_CONNECTION=@@COLLATION_CONNECTION */;
/*!40101 SET NAMES utf8 */;
/*!40103 SET @OLD_TIME_ZONE=@@TIME_ZONE */;
/*!40103 SET TIME_ZONE='+00:00' */;
/*!40014 SET @OLD_UNIQUE_CHECKS=@@UNIQUE_CHECKS, UNIQUE_CHECKS=0 */;
/*!40014 SET @OLD_FOREIGN_KEY_CHECKS=@@FOREIGN_KEY_CHECKS, FOREIGN_KEY_CHECKS=0 */;
/*!40101 SET @OLD_SQL_MODE=@@SQL_MODE, SQL_MODE='NO_AUTO_VALUE_ON_ZERO' */;
/*!40111 SET @OLD_SQL_NOTES=@@SQL_NOTES, SQL_NOTES=0 */;

--
-- Table structure for table `buh_address`
--

DROP TABLE IF EXISTS `buh_address`;
/*!40101 SET @saved_cs_client     = @@character_set_client */;
/*!40101 SET character_set_client = utf8 */;
CREATE TABLE `buh_address` (
  `id` int(11) NOT NULL AUTO_INCREMENT,
  `kundId` int(11) DEFAULT NULL,
  `fakturaKundId` int(11) DEFAULT NULL,
  `primary_addr` tinyint(1) DEFAULT 1,
  `postaddr_a` varchar(300) DEFAULT '',
  `postaddr_b` varchar(300) DEFAULT '',
  `visit_addr` varchar(300) DEFAULT '',
  `zip` varchar(10) DEFAULT '',
  `ort` varchar(100) DEFAULT '',
  `land` varchar(100) DEFAULT '',
  `tel_a` varchar(50) DEFAULT '',
  `tel_b` varchar(50) DEFAULT '',
  `other` varchar(500) DEFAULT '',
  PRIMARY KEY (`id`),
  KEY `kundId` (`kundId`),
  KEY `fakturaKundId` (`fakturaKundId`),
  CONSTRAINT `buh_address_ibfk_1` FOREIGN KEY (`kundId`) REFERENCES `buh_kund` (`kundId`),
  CONSTRAINT `buh_address_ibfk_2` FOREIGN KEY (`fakturaKundId`) REFERENCES `buh_faktura_kund` (`fakturaKundId`)
) ENGINE=InnoDB AUTO_INCREMENT=150 DEFAULT CHARSET=utf8;
/*!40101 SET character_set_client = @saved_cs_client */;

--
-- Dumping data for table `buh_address`
--

LOCK TABLES `buh_address` WRITE;
/*!40000 ALTER TABLE `buh_address` DISABLE KEYS */;
INSERT INTO `buh_address` VALUES (4,1,NULL,1,'Sankta gertrudsvag 10','','','23145','Trelleborg','Sverige','£46-709 191925','',''),(7,2,6,1,'Jarnvagsgatan 24','','','686600','Jakobsstad¤ Finland','','','',''),(8,2,NULL,1,'Skogsmataregatan 1','','','218-38','Bunkeflostrand','','','',''),(23,1,20,1,'BOX 1088','','','23181','Trelleborg','Sverige','','',''),(41,21,NULL,1,'8 Frana Mojtu Str.','','','949 01','Nitra','Slovak Republic','£421-903-778-353 ','¤£421-903-815-245',''),(51,26,NULL,1,'Lagmansgatan 2A','','','214-66','Malmo','Sverige','0702623818','',''),(52,26,34,1,'Sb 8 ','','','261-51','Landskrona','','','',''),(53,27,NULL,1,'Industrigatan 68','','','26135','Landskrona','Sverige','0735738832','',''),(56,28,NULL,1,'Industrigatan 3','','','24332','HOOR','SVERIGE','0733481020','041333004',''),(57,28,37,1,'Meyers Plan 5','','','374 33 ','KARLSHAMN','','0733249598','£46 (0) 10 228 63 00',''),(65,28,41,1,'Musikantvagen 22','','','24335 ','Hoor','sweden','0725507070','',''),(71,1,45,1,'Strandgatan 50B','','','','','','','',''),(80,29,NULL,1,'Västanväg 47','','','213 47','Bjuv','Sverige','0709252517','',''),(85,29,58,1,'Nygatan 27','','','231 87','Lund','Sverige','0705659878','',''),(86,28,59,1,'JULARP 150 24393 Höör ','','','24393','Hoor','','0413553060','',''),(87,28,60,1,'Ljungarum 1178 Värhuset','','','28273','Sösdala','','0725241085','',''),(89,29,62,1,'Norragatan 17','','','231 78','Bjuv','Sverige','0707-787887','',''),(90,28,63,1,'BOX183 24323 HÖÖR','','TERMINALVAGAN 4','24335','Höör','SWEDEN','041324948','0708540254',''),(92,29,64,1,'Bjuvgatan 89','','','235-88','Bjuv','Sverige','0789-658899','',''),(93,29,65,1,'Järnvägsgatan 89','','','231 99','Eslöv','Sverige','0739-224423','',''),(94,29,66,1,'Norra gatan 7','','','23199','Trelleborg','Sverige','0709-171790','',''),(95,29,67,1,'Barzloostrasse 1','','','8335','Hamburg','Deutschland','£42 789 55 77','',''),(96,29,68,1,'','','','','','','','',''),(100,28,71,1,'Fädriftsvägen 219','','','24394','Höör','','0709394607','',''),(101,1,72,1,'Avenue Champion¤ 1','','','B-6790','Aubange','Belgium','','',''),(102,1,73,1,'Foxham 57','','','9601 LE','Hoogezand','Holland','test','',''),(103,1,74,1,'Barzloostrasse 1','','','8330','Pfäffikon','Schweiz','','',''),(104,32,NULL,1,'','','','','','','','',''),(106,34,NULL,1,'Hemvärnsgatan 9 FE 302','','','171 75','Stockholm','Sverige','','','www.santanderconsumer.se'),(107,34,75,1,'Götagatan 78','','','257 98','Jönköping','Sverige','0708-786523','',''),(108,34,76,1,'Stormgatan 9','','','231 12','Trelleborg','Sverige','0763 786512','',''),(109,34,77,1,'Storagatan 89','','','245 57','Ystad','Sverige','0736 898977','',''),(110,34,78,1,'Högalidsvägen 38','','','231 45','Trelleborg','Sverige','0709 895214','',''),(119,34,82,1,'Myntvägen 78','','','231 54','Skegrie','Sverige','','',''),(121,34,84,1,'Blixtgatan 9','','','23178','Eslöv','Sverige','0708191923','',''),(122,40,NULL,1,'Sveagatan 17','','','23145','Trelleborg','Sverige','0709-191925','',''),(123,40,85,1,'Jokkegatan 78','','','23155','Skegrie','Sverige','0410-19365','',''),(124,40,86,1,'Högalidsvägen 78B','','','23155','Skegrie','Sverige','0709224425','',''),(125,34,87,1,'Götagatan 25','','','213 57','Lund','Sverige','£46709181825','',''),(126,34,88,1,'Printvägen 29','','','256 88','Gävle','Sverige','£46 70455231','',''),(127,41,NULL,1,'Västra Skrävlingevägen 128','','','23414','Malmö','sverige','0724294662','',''),(128,41,89,1,'Verkstadsgatan 9','','','24332','höör','Sverige','0760342404','',''),(129,1,90,1,'Global Procurement Department Machinery Center Machinery Business Unit','2-3-1¤Shinhama Arai-cho','','676-8670','Takasago¤ Hyogo','Japan','£81-79-445-7359','£81-79-445-7349','Tel 2 är fax'),(130,42,NULL,1,'','','','','','','','',''),(131,42,91,1,'Långebergavägen 134','','','25669','Helsinborg','Sverige','0424002627','',''),(132,28,92,1,'NORREVÄRNSGATAN 20','','','24332','HÖÖR','SVERIGE','0768169549','',''),(133,28,93,1,'Gamla Bo 679','','','24395','Höör','Sverige','0707-491145','',''),(136,1,95,1,'Hallasvängen 7A','','','231 56','Trelleborg','Sverige','','',''),(137,28,96,1,'1509 Åkarpsmölla','','','','','Sverige','','',''),(138,34,97,1,'Sveagatan 19','','','231 55','Trelleborg','Sverige','','','MixCont i Trelleborg AB'),(145,27,104,1,'Norras Långgatan 19A','','','26131','Landskrona','Sverige','','',''),(146,21,105,1,'Village Road¤ Bhandup-W','','','4000078','Mumbai','India','£91 9825244214','',''),(148,27,107,1,'Skånegatan 12','','','12267','Bjuv','Sverige','','',''),(149,21,108,1,'localhost','','','','','Sverige','','','');
/*!40000 ALTER TABLE `buh_address` ENABLE KEYS */;
UNLOCK TABLES;

--
-- Table structure for table `buh_ban`
--

DROP TABLE IF EXISTS `buh_ban`;
/*!40101 SET @saved_cs_client     = @@character_set_client */;
/*!40101 SET character_set_client = utf8 */;
CREATE TABLE `buh_ban` (
  `ban_id` int(11) NOT NULL AUTO_INCREMENT,
  `user` varchar(100) DEFAULT '',
  `pass` varchar(100) DEFAULT '',
  `user_agent` varchar(200) DEFAULT '',
  `ip` varchar(100) NOT NULL,
  `date_ban` timestamp NOT NULL DEFAULT current_timestamp(),
  PRIMARY KEY (`ban_id`)
) ENGINE=InnoDB DEFAULT CHARSET=utf8;
/*!40101 SET character_set_client = @saved_cs_client */;

--
-- Dumping data for table `buh_ban`
--

LOCK TABLES `buh_ban` WRITE;
/*!40000 ALTER TABLE `buh_ban` DISABLE KEYS */;
/*!40000 ALTER TABLE `buh_ban` ENABLE KEYS */;
UNLOCK TABLES;

--
-- Table structure for table `buh_constants`
--

DROP TABLE IF EXISTS `buh_constants`;
/*!40101 SET @saved_cs_client     = @@character_set_client */;
/*!40101 SET character_set_client = utf8 */;
CREATE TABLE `buh_constants` (
  `constant_id` int(11) NOT NULL AUTO_INCREMENT,
  `name` varchar(1000) DEFAULT '',
  `val` varchar(1000) DEFAULT '',
  PRIMARY KEY (`constant_id`)
) ENGINE=InnoDB DEFAULT CHARSET=utf8;
/*!40101 SET character_set_client = @saved_cs_client */;

--
-- Dumping data for table `buh_constants`
--

LOCK TABLES `buh_constants` WRITE;
/*!40000 ALTER TABLE `buh_constants` DISABLE KEYS */;
/*!40000 ALTER TABLE `buh_constants` ENABLE KEYS */;
UNLOCK TABLES;

--
-- Table structure for table `buh_dos_attack`
--

DROP TABLE IF EXISTS `buh_dos_attack`;
/*!40101 SET @saved_cs_client     = @@character_set_client */;
/*!40101 SET character_set_client = utf8 */;
CREATE TABLE `buh_dos_attack` (
  `call_id` int(11) NOT NULL AUTO_INCREMENT,
  `user_agent` varchar(200) DEFAULT '',
  `ip` varchar(100) NOT NULL,
  `date_call` timestamp NOT NULL DEFAULT current_timestamp(),
  PRIMARY KEY (`call_id`)
) ENGINE=InnoDB AUTO_INCREMENT=108 DEFAULT CHARSET=utf8;
/*!40101 SET character_set_client = @saved_cs_client */;

--
-- Dumping data for table `buh_dos_attack`
--

LOCK TABLES `buh_dos_attack` WRITE;
/*!40000 ALTER TABLE `buh_dos_attack` DISABLE KEYS */;
INSERT INTO `buh_dos_attack` VALUES (105,'Java/1.8.0_161','127.0.0.1','2023-04-25 17:59:41'),(106,'Java/1.8.0_161','127.0.0.1','2023-04-25 17:59:41'),(107,'Java/1.8.0_161','127.0.0.1','2023-04-25 17:59:42');
/*!40000 ALTER TABLE `buh_dos_attack` ENABLE KEYS */;
UNLOCK TABLES;

--
-- Table structure for table `buh_f_artikel`
--

DROP TABLE IF EXISTS `buh_f_artikel`;
/*!40101 SET @saved_cs_client     = @@character_set_client */;
/*!40101 SET character_set_client = utf8 */;
CREATE TABLE `buh_f_artikel` (
  `id` int(11) NOT NULL AUTO_INCREMENT,
  `kundId` int(11) DEFAULT 0,
  `fakturaId` int(11) NOT NULL,
  `artikelId` int(11) DEFAULT NULL,
  `komment` varchar(200) DEFAULT '',
  `komment_b` varchar(200) DEFAULT '',
  `komment_c` varchar(200) DEFAULT '',
  `antal` float DEFAULT 1,
  `pris` float DEFAULT 0,
  `enhet` varchar(30) DEFAULT 'St',
  `rabatt` int(11) DEFAULT 0,
  `rabatt_kr` float DEFAULT 0,
  `moms_sats` int(11) DEFAULT 0,
  `omvant_skatt` tinyint(1) DEFAULT 0,
  PRIMARY KEY (`id`),
  KEY `fakturaId` (`fakturaId`),
  KEY `artikelId` (`artikelId`),
  CONSTRAINT `buh_f_artikel_ibfk_1` FOREIGN KEY (`fakturaId`) REFERENCES `buh_faktura` (`fakturaId`),
  CONSTRAINT `buh_f_artikel_ibfk_2` FOREIGN KEY (`artikelId`) REFERENCES `buh_faktura_artikel` (`artikelId`)
) ENGINE=InnoDB AUTO_INCREMENT=1796 DEFAULT CHARSET=utf8;
/*!40101 SET character_set_client = @saved_cs_client */;

--
-- Dumping data for table `buh_f_artikel`
--

LOCK TABLES `buh_f_artikel` WRITE;
/*!40000 ALTER TABLE `buh_f_artikel` DISABLE KEYS */;
INSERT INTO `buh_f_artikel` VALUES (257,2,119,NULL,'Polis portupee (artnr# 349064)','','',1,2000,'st',0,0,0,0),(258,2,119,NULL,'WH portupee (artnr# 373982)','','',1,2000,'st',0,0,0,0),(259,2,119,NULL,'Army officer dagger','','',1,3600,'st',0,0,0,0),(260,2,119,NULL,'Police Cap','','',1,247,'st',0,0,0,0),(391,2,174,NULL,'Sabel (art 338569)','','',1,6623.18,'st',0,0,0,0),(715,26,315,75,'Arbets kostnad¤ villa landskrona','','',2,999,'Tim',15,149.85,25,0),(716,26,316,75,'Arbets kostnad¤ villa landskrona','','',2,999,'Tim',15,149.85,25,0),(717,26,317,75,'loppande bokforing','','',1,999,'st',0,0,25,0),(718,26,317,76,'loppande bokforing','','',5,600,'Tim',0,0,25,0),(719,26,317,NULL,'extra arbete','','',1,499,'Tim',0,0,25,0),(720,26,318,76,'','','',1,600,'st',0,0,25,0),(721,26,319,75,'loppande bokforing','','',1,999,'st',0,0,25,0),(722,26,319,76,'loppande bokforing','','',5,600,'Tim',0,0,25,0),(723,26,319,NULL,'extra arbete','','',1,499,'Tim',0,0,25,0),(739,1,329,78,'nov 2020','','',1,19875,'st',0,0,25,0),(750,1,339,78,'dec 2020','','',1,19875,'st',0,0,25,0),(763,28,341,86,'','','',3,300,'st',0,0,25,0),(764,28,341,89,'DCK64M','','',1,200,'st',0,0,25,0),(765,28,341,90,'JPH255 2157015C','','',4,860,'st',0,0,25,0),(766,28,341,91,'GNA87A 2256516C winter ','','',4,1120,'st',0,0,25,0),(767,28,341,89,'OWN32H','','',1,500,'st',0,0,25,0),(768,28,342,85,'','','',4,1440,'st',0,0,25,0),(769,28,343,87,'LNL771 2156516C winter ','','',4,900,'st',0,0,25,0),(770,28,342,86,'','','',1,240,'st',0,0,25,0),(882,1,389,78,'jan 2021','','',1,19875,'st',0,0,25,0),(916,1,404,78,'feb 2021','','',1,19875,'st',0,0,25,0),(917,1,405,NULL,'Development customer export enligt offert 202101-3','','',16,1325,'Tim',0,0,25,0),(942,1,418,78,'mar 2021','','',1,19875,'st',0,0,25,0),(944,1,420,78,'apr 2021','','',1,19875,'st',0,0,25,0),(945,29,421,117,'','','',1,99,'st',0,0,25,0),(946,29,421,112,'','','',100,5,'st',0,0,25,0),(947,29,421,111,'','','',200,3,'st',0,0,25,0),(948,29,421,118,'','','',2,399,'st',0,0,25,0),(949,29,422,119,'kakling badrum¤ flyttspackling','','',145,300,'st',0,0,25,0),(950,29,422,121,'','','',1,544,'st',0,0,25,0),(951,29,422,120,'','','',1,6544,'st',0,0,25,0),(954,29,424,112,'','','',100,5,'st',0,0,25,0),(955,29,424,111,'','','',250,3,'st',0,0,25,0),(964,28,431,115,'VERKSTADSARBETE I REPAL AB 2021.03.18 / 2021.03.29','','',32,230,'Tim',0,0,25,0),(967,29,434,119,'','','',145,300,'st',0,0,25,0),(968,29,434,120,'','','',1,6544,'st',0,0,25,0),(969,29,434,121,'','','',1,544,'st',0,0,25,0),(970,1,435,78,'maj 2021','','',1,19875,'st',0,0,25,0),(971,29,436,126,'','','',1,36799,'st',25,9199.75,25,0),(972,29,437,132,'','','',4,10,'st',0,0,25,0),(973,29,437,130,'','','',1,49.9,'st',0,0,25,0),(974,29,437,129,'','','',60,34.9,'st',0,0,25,0),(975,29,437,131,'','','',2,25,'st',0,0,25,0),(976,29,437,128,'','','',15,29,'st',0,0,25,0),(977,29,438,133,'','','',1.5,10,'st',0,0,25,0),(978,29,439,119,'Fassad arbeten','','',50,300,'st',0,0,0,1),(979,29,439,120,'','','',1,9900,'st',0,0,25,0),(980,29,438,130,'','','',50,49.9,'st',0,0,25,0),(981,29,440,132,'','','',10,10,'st',0,0,25,0),(982,29,440,130,'','','',10,49.9,'st',0,0,25,0),(983,29,441,119,'','','',1,300,'st',0,0,25,0),(992,29,446,119,'','','',1,300,'st',0,0,25,0),(993,29,447,119,'','','',1,300,'st',0,0,25,0),(994,29,448,117,'','','',1,99,'st',0,0,25,0),(995,29,448,128,'','','',10,29,'st',0,0,25,0),(996,29,448,133,'','','',100,10,'st',0,0,25,0),(999,29,451,119,'','','',25,300,'st',0,0,0,1),(1000,29,451,120,'','','',2,6544,'st',0,0,25,0),(1001,29,452,133,'','','',25,10,'st',0,0,25,0),(1002,29,452,130,'','','',15,49.9,'st',0,0,25,0),(1003,29,452,129,'','','',10,34.9,'st',50,17.45,25,0),(1004,29,453,119,'','','',10,150,'st',0,0,0,1),(1005,29,453,120,'','','',1,2999,'Förp',0,0,25,0),(1006,29,454,132,'','','',50,10,'st',20,2,25,0),(1007,29,454,117,'','','',10,99,'st',0,0,25,0),(1008,29,454,131,'','','',19,25,'st',8,2,25,0),(1009,29,454,134,'','','',30,19,'st',0,0,25,0),(1010,29,454,118,'','','',5,399,'st',0,0,25,0),(1011,29,455,133,'','','',500,10,'st',0,0,25,0),(1012,29,456,132,'','','',50,10,'st',20,2,25,0),(1013,29,456,117,'','','',10,99,'st',0,0,25,0),(1014,29,456,131,'','','',19,25,'st',8,2,25,0),(1015,29,456,134,'','','',30,19,'st',0,0,25,0),(1016,29,456,118,'','','',5,399,'st',0,0,25,0),(1017,29,457,131,'','','',100,25,'st',5,1.25,25,0),(1018,29,457,133,'Ej originell','','',50,10,'st',2,0.2,25,0),(1019,29,457,128,'','','',30,29,'st',0,0,25,0),(1020,29,457,134,'Exporterad','','',50,19,'st',0,0,25,0),(1021,29,458,132,'','','',300,10,'st',10,1,25,0),(1022,29,458,133,'','','',1,1000,'st',0,0,25,0),(1023,29,458,131,'','','',300,25,'st',15,3.75,25,0),(1024,29,459,118,'','','',79,399,'st',0,0,25,0),(1025,29,460,112,'','','',1000,5,'st',0,0,25,0),(1026,29,460,111,'','','',500,3,'st',0,0,25,0),(1027,29,461,127,'','','',1,29589,'st',0,0,25,0),(1028,29,462,134,'','','',1000,19,'st',0,0,25,0),(1029,29,463,131,'','','',399,25,'st',0,0,25,0),(1030,29,464,112,'','','',500,5,'st',0,0,25,0),(1031,29,464,111,'','','',700,3,'st',0,0,25,0),(1032,29,465,134,'','','',1500,19,'st',0,0,25,0),(1033,29,466,133,'','','',1200,10,'st',0,0,25,0),(1034,29,467,131,'','','',100,25,'st',0,0,25,0),(1035,29,467,128,'','','',50,29,'st',0,0,25,0),(1036,29,468,125,'','','',1,19855,'st',0,0,25,0),(1037,29,469,117,'','','',80,99,'st',0,0,25,0),(1038,29,470,118,'','','',25,399,'st',0,0,25,0),(1039,29,471,129,'','','',250,34.9,'st',0,0,25,0),(1040,29,472,125,'','','',1,19855,'st',15,2978.25,25,0),(1041,29,473,128,'','','',100,29,'st',0,0,25,0),(1042,29,473,132,'','','',100,10,'st',0,0,25,0),(1043,29,474,130,'','','',599,49.9,'st',25,12.48,25,0),(1044,29,475,117,'','','',399,99,'st',0,0,25,0),(1045,29,476,131,'','','',299,25,'st',0,0,25,0),(1046,29,477,132,'','','',999,10,'st',0,0,25,0),(1047,29,478,123,'','','',1,69800,'st',0,0,25,0),(1048,29,479,111,'','','',1500,3,'st',0,0,25,0),(1049,29,479,112,'','','',1500,5,'st',0,0,25,0),(1050,29,479,117,'199','','',1,99,'st',0,0,25,0),(1051,29,479,132,'','','',200,10,'st',0,0,25,0),(1052,29,480,129,'','','',1000,34.9,'st',0,0,25,0),(1053,29,481,130,'','','',499,49.9,'st',0,0,25,0),(1054,29,482,132,'','','',899,10,'st',0,0,25,0),(1055,29,483,118,'','','',100,399,'st',0,0,25,0),(1056,29,484,134,'','','',899,19,'st',0,0,25,0),(1057,29,485,131,'','','',1300,25,'st',0,0,25,0),(1058,29,486,129,'','','',450,34.9,'st',0,0,25,0),(1060,29,488,132,'','','',95,10,'st',0,0,25,0),(1062,29,490,132,'','','',95,10,'st',0,0,25,0),(1078,1,494,78,'juni 2021','','',1,19875,'st',0,0,25,0),(1081,28,495,144,'ZLX675','','',4,300,'st',0,0,25,0),(1082,1,496,78,'','','',1,899,'st',0,0,0,0),(1083,1,497,78,'april 2021','','',1,3794,'st',0,0,0,0),(1084,1,498,78,'april 2021','','',1,1900,'st',0,0,0,0),(1085,1,499,78,'Juni 2021','','',1,899,'st',0,0,0,0),(1086,1,500,78,'june 2021','','',1,1900,'st',0,0,0,0),(1087,1,501,78,'juni 2021','','',1,3794,'st',0,0,0,0),(1090,28,502,115,'','','',20,230,'Tim',0,0,25,0),(1091,28,503,113,'','','',1,300,'st',0,0,25,0),(1092,28,503,86,'','','',1,300,'st',0,0,25,0),(1096,1,507,78,'juli 2021','','',1,19875,'st',0,0,25,0),(1097,1,508,78,'July 2021','','',1,899,'st',0,0,0,0),(1099,1,510,78,'july 2021','','',1,3794,'st',0,0,0,0),(1100,1,511,78,'July 2021','','',1,1900,'st',0,0,0,0),(1102,1,513,78,'aug 2021','','',1,19875,'st',0,0,25,0),(1103,1,514,78,'aug 2021','','',1,899,'st',0,0,0,0),(1104,1,515,78,'aug 2021','','',1,3794,'st',0,0,0,0),(1105,1,516,78,'aug 2021','','',1,1900,'st',0,0,0,0),(1111,29,520,132,'','','',100,2,'st',0,0,0,0),(1116,29,524,128,'','','',30,29,'st',0,0,0,0),(1118,29,526,130,'','','',90,5,'st',0,0,0,0),(1120,29,526,132,'','','',5,1,'st',0,0,0,0),(1121,29,424,118,'','','',10,399,'st',0,0,25,0),(1122,29,520,130,'','','',50,5,'st',0,0,0,0),(1123,34,527,156,'','','',3,39,'st',0,0,0,0),(1124,34,527,148,'','','',5,349,'st',0,0,25,0),(1125,34,527,150,'','','',1,825,'st',0,0,25,0),(1126,34,527,154,'','','',4,615,'st',0,0,25,0),(1127,34,528,146,'','','',19,575,'st',0,0,25,0),(1129,34,528,155,'','','',10,79,'st',0,0,25,0),(1130,34,528,158,'','','',3,2295,'st',0,0,25,0),(1131,29,438,132,'','','',1,10,'st',0,0,25,0),(1132,29,472,132,'','','',1,10,'st',0,0,25,0),(1133,29,479,130,'','','',1,49.9,'st',0,0,25,0),(1135,34,530,160,'','','',50,160,'st',5,8,25,0),(1136,34,530,161,'','','',25,295,'st',10,29.5,25,0),(1137,34,530,NULL,'utfört arbete¤ kök','','',5,799,'Tim',0,0,0,1),(1145,34,533,151,'','','',1,1995,'st',0,0,25,0),(1146,34,533,147,'','','',2,475,'st',0,0,25,0),(1147,34,533,146,'','','',1,575,'st',0,0,25,0),(1148,34,533,161,'','','',1,295,'st',0,0,25,0),(1149,34,533,165,'','','',3,49,'st',0,0,25,0),(1150,34,533,158,'','','',1,2295,'st',0,0,25,0),(1151,34,534,NULL,'arbetskostnad','','',145,300,'Tim',0,0,25,0),(1152,34,534,NULL,'byggnadsmaterial','','',1,6544,'st',0,0,25,0),(1153,34,534,NULL,'Millersättning','','',1,544,'st',0,0,25,0),(1154,34,535,148,'','','',1,349,'st',0,0,25,0),(1155,34,535,156,'','','',5,39,'st',0,0,0,0),(1156,34,535,167,'','','',3,2790,'st',0,0,25,0),(1157,34,535,151,'','','',2,1995,'st',0,0,25,0),(1158,34,535,153,'','','',5,180,'st',11,20,25,0),(1159,34,536,148,'','','',1,349,'st',0,0,25,0),(1160,34,536,149,'','','',1,179,'st',0,0,25,0),(1161,34,536,146,'','','',1,575,'st',0,0,25,0),(1162,34,537,148,'','','',1,349,'st',0,0,25,0),(1163,34,537,149,'','','',1,179,'st',0,0,25,0),(1164,34,537,146,'','','',1,575,'st',0,0,25,0),(1172,34,542,148,'','','',3,349,'st',0,0,25,0),(1173,34,542,161,'','','',5,295,'st',0,0,25,0),(1174,34,542,151,'','','',1,1995,'st',0,0,25,0),(1175,34,542,146,'','','',1,575,'st',0,0,25,0),(1176,34,542,153,'','','',1,180,'st',0,0,25,0),(1177,34,542,167,'','','',1,2790,'st',0,0,25,0),(1178,34,542,150,'','','',1,825,'st',0,0,25,0),(1179,34,528,147,'','','',5,475,'st',0,0,25,0),(1180,34,543,148,'','','',5,349,'st',0,0,25,0),(1181,34,543,156,'','','',5,39,'st',0,0,0,0),(1182,34,543,167,'','','',3,2790,'st',0,0,25,0),(1183,34,543,151,'','','',2,1995,'st',0,0,25,0),(1185,34,543,158,'','','',1,2295,'st',0,0,25,0),(1188,34,543,152,'','','',1,2195,'st',0,0,25,0),(1192,34,545,171,'','','',3,1795,'st',0,0,25,0),(1193,34,545,169,'','','',4,1395,'st',0,0,25,0),(1194,34,545,153,'','','',7,180,'st',0,0,25,0),(1195,34,545,155,'','','',10,79,'st',0,0,25,0),(1196,34,545,159,'','','',3,225,'st',0,0,25,0),(1197,34,545,165,'','','',1,49,'st',0,0,25,0),(1202,34,547,146,'','','',19,575,'st',15,86.25,25,0),(1206,34,547,148,'','','',3,349,'st',0,0,25,0),(1207,34,547,147,'','','',11,475,'st',0,0,25,0),(1209,34,547,151,'','','',1,1995,'st',0,0,25,0),(1210,34,547,167,'','','',1,2790,'st',0,0,25,0),(1220,34,548,148,'','','',1,349,'st',0,0,25,0),(1221,34,548,147,'','','',1,475,'st',0,0,25,0),(1222,34,548,167,'','','',1,2790,'st',0,0,25,0),(1223,34,548,165,'','','',1,49,'st',0,0,25,0),(1224,34,549,154,'','','',4,615,'st',0,0,25,0),(1226,34,549,147,'','','',2,475,'st',0,0,25,0),(1227,34,549,159,'','','',2,225,'st',0,0,25,0),(1228,34,550,153,'','','',4,180,'st',0,0,25,0),(1244,34,550,148,'','','',1,349,'st',0,0,25,0),(1245,34,552,148,'','','',10,349,'Förp',0,0,25,0),(1246,34,552,155,'','','',5,79,'st',0,0,25,0),(1247,34,552,163,'','','',5,29,'st',0,0,25,0),(1249,34,552,167,'','','',1,2790,'st',0,0,25,0),(1264,34,556,156,'','','',5,39,'st',0,0,0,0),(1265,34,556,147,'','','',3,475,'st',0,0,25,0),(1266,34,556,146,'','','',1,575,'st',0,0,25,0),(1267,34,556,148,'','','',5,349,'st',25,87.25,25,0),(1268,34,556,165,'','','',2,49,'st',0,0,25,0),(1269,34,557,171,'','','',4,1795,'st',0,0,25,0),(1270,34,557,148,'','','',4,349,'st',0,0,25,0),(1271,34,557,153,'','','',2,180,'st',0,0,25,0),(1272,34,557,155,'','','',15,79,'st',0,0,25,0),(1273,34,557,161,'','','',5,295,'st',0,0,25,0),(1276,34,558,151,'','','',1,1995,'st',0,0,25,0),(1277,34,558,148,'','','',9,390,'st',0,0,25,0),(1278,34,558,147,'','','',1,475,'st',0,0,25,0),(1279,34,558,148,'','','',7,180,'st',0,0,25,0),(1281,34,559,166,'','','',2,75,'st',0,0,25,0),(1282,34,559,148,'','','',2,349,'st',0,0,25,0),(1283,34,559,146,'','','',10,575,'st',0,0,25,0),(1284,34,559,157,'','','',5,565,'st',0,0,25,0),(1285,34,560,171,'','','',4,1795,'st',0,0,25,0),(1286,34,560,148,'','','',4,349,'st',0,0,25,0),(1287,34,560,153,'','','',2,180,'st',0,0,25,0),(1288,34,560,155,'','','',10,79,'st',0,0,25,0),(1290,34,561,154,'','','',4,615,'st',0,0,25,0),(1291,34,561,147,'','','',2,475,'st',0,0,25,0),(1292,34,561,159,'','','',2,225,'st',0,0,25,0),(1293,34,561,164,'','','',1,39,'st',0,0,25,0),(1294,34,561,167,'','','',1,2790,'st',0,0,25,0),(1298,34,563,159,'','','',3,225,'st',0,0,25,0),(1299,34,563,167,'','','',1,2790,'st',0,0,25,0),(1300,34,563,151,'','','',2,1995,'st',0,0,25,0),(1301,34,563,154,'','','',5,615,'st',0,0,25,0),(1302,1,564,78,'sept 2021','','',1,19875,'st',0,0,25,0),(1303,1,565,78,'sept 2021','','',1,899,'st',0,0,0,0),(1304,1,566,78,'sept 2021','','',1,3794,'st',0,0,0,0),(1305,1,567,78,'sept 2021','','',1,1900,'st',0,0,0,0),(1310,34,569,156,'','','',25,39,'st',0,0,0,0),(1311,34,569,153,'','','',10,180,'st',0,0,25,0),(1312,34,569,159,'','','',10,225,'st',0,0,25,0),(1324,34,572,153,'','','',10,180,'st',0,0,25,0),(1325,34,572,159,'','','',10,225,'st',0,0,25,0),(1334,34,572,148,'','','',1,349,'st',0,0,25,0),(1336,34,572,149,'','','',3,179,'st',0,0,25,0),(1337,34,573,149,'','','',2,179,'st',0,0,25,0),(1338,34,573,148,'','','',3,349,'st',0,0,25,0),(1339,34,573,146,'','','',1,575,'st',0,0,25,0),(1340,34,573,147,'','','',1,475,'st',0,0,25,0),(1341,34,574,153,'','','',10,180,'st',0,0,25,0),(1342,34,574,159,'','','',10,225,'st',0,0,25,0),(1343,34,574,148,'','','',1,349,'st',0,0,25,0),(1344,34,574,149,'','','',3,179,'st',0,0,25,0),(1345,40,575,181,'','','',10,199,'st',0,0,25,0),(1346,40,575,182,'','','',25,149,'st',0,0,25,0),(1347,40,576,NULL,'arbetskostnad','','',145,300,'Tim',0,0,25,0),(1348,40,576,NULL,'material','','',1,6544,'st',0,0,25,0),(1349,40,576,NULL,'millersättning','','',1,544,'st',0,0,25,0),(1350,40,577,NULL,'arbete','','',145,300,'Tim',0,0,25,0),(1351,40,577,NULL,'material','','',1,6544,'st',0,0,25,0),(1352,40,577,181,'millersättning','','',1,544,'st',0,0,25,0),(1353,34,578,183,'','','',145,300,'st',0,0,25,0),(1354,34,578,184,'','','',1,6544,'st',0,0,25,0),(1355,34,578,185,'','','',1,544,'st',0,0,25,0),(1359,34,580,150,'','','',10,825,'st',0,0,25,0),(1360,34,580,146,'','','',1,575,'st',0,0,25,0),(1361,34,580,153,'','','',1,180,'st',0,0,25,0),(1362,34,580,160,'','','',5,160,'st',0,0,25,0),(1367,34,582,150,'','','',20,825,'st',0,0,25,0),(1368,34,582,146,'','','',1,575,'st',0,0,25,0),(1369,34,582,153,'','','',1,180,'st',0,0,25,0),(1370,34,582,160,'','','',5,160,'st',0,0,25,0),(1383,34,587,149,'','','',1,179,'st',0,0,25,0),(1384,34,587,148,'','','',3,349,'st',0,0,25,0),(1385,34,587,146,'','','',2,575,'st',0,0,25,0),(1386,34,587,147,'','','',1,475,'st',0,0,25,0),(1404,34,593,180,'','','',4,829,'st',0,0,25,0),(1405,34,593,154,'','','',4,615,'st',0,0,25,0),(1406,34,593,157,'','','',5,565,'st',0,0,25,0),(1407,34,593,147,'','','',20,475,'st',25,118.75,25,0),(1408,34,593,152,'','','',10,2195,'st',15,329.25,25,0),(1409,34,593,151,'','','',5,1995,'st',5,99.75,25,0),(1410,34,593,150,'','','',5,825,'st',15,123.75,25,0),(1411,34,593,149,'','','',20,179,'st',0,0,25,0),(1412,34,594,160,'','','',100,160,'st',30,48,25,0),(1413,34,594,167,'','','',3,2790,'st',0,0,25,0),(1414,34,594,153,'','','',5,180,'st',0,0,25,0),(1415,34,594,163,'','','',15,29,'st',0,0,25,0),(1416,34,595,171,'','','',10,180,'st',0,0,0,0),(1417,34,595,180,'','','',10,83,'st',0,0,0,0),(1418,34,595,168,'','','',8,55,'st',0,0,0,0),(1419,34,595,154,'','','',10,61.5,'st',0,0,0,0),(1423,34,599,183,'rivning','','',90,300,'st',0,0,0,1),(1424,34,599,184,'','','',1,19900,'st',0,0,25,0),(1430,34,605,170,'','','',1,2295,'st',0,0,25,0),(1431,34,605,156,'','','',1,39,'st',0,0,0,0),(1432,34,605,160,'','','',30,160,'st',0,0,25,0),(1439,34,609,183,'rivning','','',90,300,'st',0,0,0,1),(1440,34,609,184,'','','',1,19900,'st',0,0,25,0),(1441,34,610,180,'','','',4,829,'st',0,0,25,0),(1442,34,610,154,'','','',4,615,'st',0,0,25,0),(1443,34,610,157,'','','',5,565,'st',0,0,25,0),(1444,34,610,147,'','','',20,475,'st',25,118.75,25,0),(1445,34,610,152,'','','',10,2195,'st',15,329.25,25,0),(1446,34,610,151,'','','',5,1995,'st',5,99.75,25,0),(1447,34,610,150,'','','',5,825,'st',15,123.75,25,0),(1448,34,610,149,'','','',20,179,'st',0,0,25,0),(1452,34,612,160,'','','',5,160,'st',0,0,25,0),(1453,34,612,164,'','','',2,39,'st',0,0,25,0),(1454,34,612,162,'','','',1,39,'st',0,0,25,0),(1455,34,612,154,'','','',1,615,'st',0,0,25,0),(1456,34,612,147,'','','',2,475,'st',0,0,25,0),(1457,34,612,153,'','','',1,180,'st',0,0,25,0),(1458,34,612,151,'','','',1,1995,'st',0,0,25,0),(1459,34,612,170,'','','',1,2295,'st',0,0,25,0),(1460,34,612,161,'','','',1,295,'st',0,0,25,0),(1461,34,612,156,'','','',2,39,'st',0,0,0,0),(1462,34,612,150,'','','',1,825,'st',0,0,25,0),(1463,34,612,168,'','','',1,550,'st',0,0,25,0),(1464,34,612,157,'','','',1,565,'st',0,0,25,0),(1465,34,612,148,'','','',1,349,'st',0,0,25,0),(1488,41,617,188,'','','',1,1000,'st',0,0,0,0),(1489,41,617,187,'','','',1,1200,'st',0,0,0,0),(1490,41,618,NULL,'broms byte','','',5,199,'Tim',0,0,0,0),(1492,28,616,115,'','','',116.5,230,'Tim',0,0,25,0),(1493,1,619,78,'okt 2021','','',1,19875,'st',0,0,25,0),(1494,1,620,78,'okt 2021','','',1,899,'st',0,0,0,0),(1495,1,621,78,'okt 2021','','',1,3794,'st',0,0,0,0),(1496,1,622,78,'okt 2021','','',1,1900,'st',0,0,0,0),(1508,29,626,119,'','','',145,300,'st',0,0,25,0),(1509,29,626,120,'','','',1,6544,'st',0,0,25,0),(1513,29,628,119,'','','',145,300,'Tim',0,0,25,0),(1514,29,628,120,'','','',1,6544,'st',0,0,25,0),(1515,29,628,NULL,'nedlagda timmar elektiker','','',20,399,'Tim',0,0,25,0),(1516,28,629,88,'JPH255 /  215/70R15 Allseson','','',2,1000,'st',0,0,25,0),(1517,1,623,189,'PR. No 21-BB1-M9133','','',1,36000,'st',0,0,0,0),(1518,1,630,78,'nov 2021','','',1,19875,'st',0,0,25,0),(1519,1,631,78,'nov 2021','','',1,899,'st',0,0,0,0),(1520,1,632,78,'nov 2021','','',1,3794,'st',0,0,0,0),(1521,1,633,78,'nov 2021','','',1,1900,'st',0,0,0,0),(1543,42,641,NULL,'Omfogning Helsinborg','','',200,370,'Tim',0,0,0,1),(1544,28,642,113,'','','',4,350,'st',0,0,25,0),(1545,28,642,115,'','','',4,50,'st',0,0,25,0),(1548,1,644,78,'dec 2021','','',1,19875,'st',0,0,25,0),(1549,1,645,78,'dec 2021','','',1,899,'st',0,0,0,0),(1550,1,646,78,'dec 2021','','',1,3794,'st',0,0,0,0),(1551,1,647,78,'dec 2021','','',1,1900,'st',0,0,0,0),(1552,28,648,198,'','','',4,1280,'st',0,0,25,0),(1553,28,649,114,'','','',2,1150,'st',0,0,25,0),(1560,28,651,114,'','','',4,1200,'st',0,0,25,0),(1561,28,652,198,'','','',4,2480,'st',0,0,25,0),(1563,28,653,86,'','','',1,300,'st',0,0,25,0),(1565,28,653,113,'','','',1,250,'st',0,0,25,0),(1566,1,654,78,'jan 2022','','',1,19875,'st',0,0,25,0),(1567,1,655,78,'jan 2022','','',1,899,'st',0,0,0,0),(1568,1,656,78,'jan 2022','','',1,1900,'st',0,0,0,0),(1572,1,658,78,'jan 2022','','',1,3794,'st',0,0,0,0),(1588,1,664,78,'feb 2022','','',1,19875,'st',0,0,25,0),(1589,1,665,78,'feb 2022','','',1,899,'st',0,0,0,0),(1590,1,666,78,'feb 2022','','',1,1900,'st',0,0,0,0),(1591,1,667,78,'feb 2022','','',1,3794,'st',0,0,0,0),(1599,1,670,201,'22-BB1-08098','','',1,36000,'st',0,0,0,0),(1603,1,672,78,'mar 2022','','',1,19875,'st',0,0,25,0),(1604,1,673,78,'mar 2022','','',1,899,'st',0,0,0,0),(1605,1,674,78,'mar 2022','','',1,1900,'st',0,0,0,0),(1606,1,675,78,'mar 2022','','',1,3794,'st',0,0,0,0),(1607,28,676,NULL,'','','',72.5,250,'Tim',0,0,25,0),(1608,28,676,114,'2021/10/29-2021/11/02','','',14,250,'Tim',0,0,25,0),(1609,28,676,114,'2022/02/09-2022/02/18','','',55.5,250,'Tim',0,0,25,0),(1610,1,677,NULL,'Migrering av MixCont mjukvara till Win2019 server','','',11,1325,'Tim',0,0,25,0),(1613,1,679,78,'apr 2022','','',1,899,'st',0,0,0,0),(1614,1,680,78,'apr 2022','','',1,1900,'st',0,0,0,0),(1615,1,681,78,'apr 2022','','',1,19875,'st',0,0,25,0),(1620,28,684,86,'DCK64M','','',1,300,'st',0,0,25,0),(1621,28,684,91,'195/65R15 95T','','',4,750,'st',0,0,25,0),(1626,28,686,203,'BRIDGSTONE 195/65R15','','',4,1000,'st',0,0,25,0),(1641,1,690,78,'may 2022','','',1,899,'st',0,0,0,0),(1642,1,691,78,'may 2022','','',1,1900,'st',0,0,0,0),(1643,1,692,78,'maj 2022','','',1,19875,'st',0,0,25,0),(1644,28,693,204,'8¤5X19 5/114¤3 ET40','','',4,2330,'st',0,0,25,0),(1646,28,693,205,'TPMS BT','','',4,850,'st',0,0,25,0),(1647,28,693,114,'','','',1,1400,'Förp',0,0,25,0),(1662,1,695,78,'june 2022','','',1,899,'st',0,0,0,0),(1663,1,696,78,'juni 2022','','',1,1900,'st',0,0,0,0),(1664,1,697,78,'juni 2022','','',1,19875,'st',0,0,25,0),(1701,1,702,78,'july 2022','','',1,899,'st',0,0,0,0),(1702,1,703,78,'july 2022','','',1,1900,'st',0,0,0,0),(1703,1,704,78,'juli 2022','','',1,19875,'st',0,0,25,0),(1704,28,705,114,'','','',2,180,'st',0,0,25,0),(1712,28,709,114,'','','',1,200,'st',0,0,25,0),(1716,1,711,78,'aug 2022','','',1,899,'st',0,0,0,0),(1717,1,712,78,'aug 2022','','',1,1900,'st',0,0,0,0),(1718,1,713,78,'aug 2022','','',1,19875,'st',0,0,25,0),(1725,1,717,78,'sept 2022','','',1,899,'st',0,0,0,0),(1726,1,718,78,'sept 2022','','',1,1900,'st',0,0,0,0),(1727,1,719,78,'sept 2022','','',1,19875,'st',0,0,25,0),(1740,1,725,78,'okt 2022','','',1,899,'st',0,0,0,0),(1741,1,726,78,'okt 2022','','',1,1900,'st',0,0,0,0),(1742,1,727,78,'okt 2022','','',1,19875,'st',0,0,25,0),(1743,28,709,86,'','','',2,280,'st',0,0,25,0),(1744,1,728,NULL,'Migrering av MixCont mjukvara till Win2019 server','','',14,1325,'Tim',0,0,25,0),(1745,1,729,78,'nov 2022','','',1,19875,'st',0,0,25,0),(1746,1,730,78,'nov 2022','','',1,899,'st',0,0,0,0),(1747,1,731,78,'nov 2022','','',1,1900,'st',0,0,0,0),(1748,28,732,144,'DCK64M','','',1,200,'st',0,0,25,0),(1749,28,732,86,'DCK64M','','',1,300,'st',0,0,25,0),(1750,28,733,144,'BILL - PLP036 / PBM595','','',2,360,'st',0,0,25,0),(1752,34,734,207,'','','',1,72412.8,'st',0,0,25,0),(1755,1,735,78,'dec 2022','','',1,19875,'st',0,0,25,0),(1756,1,736,78,'dec 2022','','',1,899,'st',0,0,0,0),(1757,1,737,78,'dec 2022','','',1,1900,'st',0,0,0,0),(1760,1,740,78,'jan 2023','','',1,19875,'st',0,0,25,0),(1761,1,741,78,'jan 2023','','',1,899,'st',0,0,0,0),(1762,1,742,78,'jan 2023','','',1,1900,'st',0,0,0,0),(1770,1,746,78,'feb 2023','','',1,19875,'st',0,0,25,0),(1771,1,747,78,'feb 2023','','',1,899,'st',0,0,0,0),(1772,1,748,78,'feb 2023','','',1,1900,'st',0,0,0,0),(1775,1,752,78,'mar 2023','','',1,19875,'st',0,0,25,0),(1776,1,753,78,'mar 2023','','',1,899,'st',0,0,0,0),(1777,1,754,78,'mar 2023','','',1,1900,'st',0,0,0,0),(1781,21,755,214,'5%£70% from 65000 EUR / 3','','',1,18417,'st',0,0,0,0),(1782,21,755,215,'','','',1,0,'st',0,0,0,0),(1783,21,755,216,'3250 EUR','','',1,0,'st',0,0,0,0),(1784,21,755,217,'15167 EUR','','',1,0,'st',0,0,0,0),(1786,21,755,221,'15167 EUR','','',1,0,'st',0,0,0,0),(1787,21,755,218,'6500 EUR','','',1,0,'st',0,0,0,0),(1788,21,755,219,'2167 EUR','','',1,0,'st',0,0,0,0),(1789,21,755,220,'4333 EUR','','',1,0,'st',0,0,0,0),(1790,21,755,NULL,'Left to pay total# 46584 EUR','','',1,0,'st',0,0,0,0),(1791,1,756,78,'apr 2023','','',1,19875,'st',0,0,25,0),(1792,1,757,78,'apr 2023','','',1,899,'st',0,0,0,0),(1793,1,758,78,'apr 2023','','',1,1900,'st',0,0,0,0),(1795,27,760,222,'','','',168,350,'st',0,0,0,1);
/*!40000 ALTER TABLE `buh_f_artikel` ENABLE KEYS */;
UNLOCK TABLES;

--
-- Table structure for table `buh_faktura`
--

DROP TABLE IF EXISTS `buh_faktura`;
/*!40101 SET @saved_cs_client     = @@character_set_client */;
/*!40101 SET character_set_client = utf8 */;
CREATE TABLE `buh_faktura` (
  `fakturaId` int(11) NOT NULL AUTO_INCREMENT,
  `kundId` int(11) NOT NULL,
  `fakturaKundId` int(11) DEFAULT NULL,
  `fakturanr` int(11) DEFAULT 0,
  `fakturanr_alt` int(11) DEFAULT 0,
  `fakturatyp` int(11) DEFAULT 0,
  `fakturadatum` varchar(10) DEFAULT curdate(),
  `forfallodatum` varchar(10) DEFAULT curdate(),
  `valuta` varchar(3) DEFAULT 'SEK',
  `ert_ordernr` varchar(150) DEFAULT '',
  `er_referens` varchar(100) DEFAULT '',
  `var_referens` varchar(100) DEFAULT '',
  `frakt` float DEFAULT 0,
  `betal_vilkor` int(11) DEFAULT 10,
  `lev_vilkor` varchar(3) DEFAULT 'FVL',
  `lev_satt` varchar(4) DEFAULT 'P',
  `exp_avg` float DEFAULT 0,
  `drojsmalsranta` float DEFAULT 0,
  `total_ink_moms` float DEFAULT 0,
  `total_exkl_moms` float DEFAULT 0,
  `rabatt_total` float DEFAULT 0,
  `moms_total` float DEFAULT 0,
  `komment` varchar(200) DEFAULT '',
  `important_komment` varchar(100) DEFAULT '',
  `ska_bokforas` tinyint(1) DEFAULT 0,
  `request_factoring` tinyint(1) DEFAULT 0,
  `factoring_status` int(11) DEFAULT 0,
  `makulerad` tinyint(1) DEFAULT 0,
  `betald` int(11) DEFAULT 0,
  `sent_with_email` int(11) DEFAULT 0,
  `date_created` varchar(30) DEFAULT 'no',
  `changed_by` varchar(300) DEFAULT '',
  `rutavdrag` tinyint(1) DEFAULT 0,
  `copied_from_id` int(11) DEFAULT 0,
  `omvant_skatt` int(11) DEFAULT 0,
  `is_printed` int(11) DEFAULT 0,
  `currency_rate_a` float DEFAULT 0,
  PRIMARY KEY (`fakturaId`),
  KEY `kundId` (`kundId`),
  KEY `fakturaKundId` (`fakturaKundId`),
  CONSTRAINT `buh_faktura_ibfk_1` FOREIGN KEY (`kundId`) REFERENCES `buh_kund` (`kundId`),
  CONSTRAINT `buh_faktura_ibfk_2` FOREIGN KEY (`fakturaKundId`) REFERENCES `buh_faktura_kund` (`fakturaKundId`)
) ENGINE=InnoDB AUTO_INCREMENT=761 DEFAULT CHARSET=utf8;
/*!40101 SET character_set_client = @saved_cs_client */;

--
-- Dumping data for table `buh_faktura`
--

LOCK TABLES `buh_faktura` WRITE;
/*!40000 ALTER TABLE `buh_faktura` DISABLE KEYS */;
INSERT INTO `buh_faktura` VALUES (119,2,6,3,0,2,'2020-09-26','2020-10-25','SEK','vinstmarginalbeskattning for begagnade varor','','Alex Breicht',402,30,'FVL','P',0,0,8249,7847,0,0,'','vinstmarginalbeskattning for begagnade varor\nver#26',0,0,0,0,1,1,'2020-09-26 19.46.48.806','',0,0,0,1,10.1),(174,2,6,4,0,2,'2020-10-02','2020-11-01','SEK','vinstmarginalbeskattning for begagnade varor','Jan-Ole Nyland','Alex Breicht',402,30,'FVL','P',0,0,7025.18,6623.18,0,0,'','',0,0,0,0,1,0,'2020-10-10 18.12.18.277','',0,0,0,0,10.1),(315,26,34,1,1001,0,'2020-10-28','2020-11-28','SEK','N#09544','Aleh','Lina',0,30,'FVL','P',0,15,2122.88,1698.3,299.7,424.58,'','',0,0,0,0,3,1,'2020-10-28 18.02.08.849','verblina07',0,0,0,0,10.1),(316,26,34,2,10099,1,'2020-10-28','2020-10-28','SEK','N','Aleh','Lina',0,30,'FVL','P',0,15,2122.88,1698.3,299.7,424.58,'1','Krediterar fakturanummer# 1',0,0,0,0,4,1,'2020-10-28 18.17.16.527','guest_26_saruss.lv',0,0,0,0,10.1),(317,26,34,3,0,0,'2020-09-06','2020-10-07','SEK','','','Lina',0,30,'FVL','P',0,15,5622.5,4498,0,1124.5,'','',0,0,0,0,0,1,'2020-10-28 18.25.43.315','verblina07',0,0,0,0,10.1),(318,26,34,4,0,2,'2020-10-28','2020-10-28','SEK','','Aleh','Lina',0,30,'FVL','P',0,15,750,600,0,150,'','kontakta',0,0,0,0,1,0,'2020-10-28 18.35.50.894','verblina07',0,0,0,0,10.1),(319,26,34,5,0,0,'2020-09-06','2020-10-07','SEK','','','Lina',0,30,'FVL','P',0,15,5622.5,4498,0,1124.5,'','Kopierad fran fakturanummer# 3',0,0,0,0,0,0,'2020-10-28 19.05.56.169','verblina07',0,0,0,0,10.1),(323,26,34,6,0,0,'2020-10-29','2020-11-28','SEK','','','Lina',0,30,'FVL','P',0,15,0,0,0,0,'','',0,0,0,0,0,0,'2020-10-29 13.02.31.124','verblina07',0,0,0,0,10.1),(329,1,20,1,10113,0,'2020-11-01','2021-01-01','SEK','','Karl Utterback','Andrei Brassas',11,60,'FVL','P',0,7,24857.5,19875,0,4971.5,'','test',0,0,0,0,1,1,'2020-11-03 08.59.10.515','ask',0,0,0,1,10.1),(339,1,20,2,10114,0,'2020-12-01','2021-01-31','SEK','','Karl Utterback','Andrei Brassas',11,60,'FVL','P',0,7,24857.5,19875,0,4971.5,'','Kopierad fran fakturanummer# 1',0,0,0,0,1,1,'2020-12-02 10.46.25.187','ask',0,0,0,0,10.1),(341,28,37,1,20201204,0,'2020-12-04','2021-01-03','SEK','','','',0,30,'FVL','HAM',0,2,11900,9520,0,2380,'','',0,0,0,0,1,1,'2020-12-04 11.25.25.094','info',0,0,0,0,10.1),(342,28,41,2,0,0,'2020-12-04','2021-01-03','SEK','','','',0,30,'FVL','HAM',0,2,7500,6000,0,1500,'','',0,0,0,0,1,0,'2020-12-04 11.38.08.246','info',0,0,0,0,10.1),(343,28,37,3,0,0,'2020-11-06','2020-12-07','SEK','','','',0,30,'FVL','HAM',0,2,4500,3600,0,900,'','',0,0,0,0,1,0,'2020-12-04 12.11.22.580','info',0,0,0,0,10.1),(389,1,20,3,10115,0,'2021-01-01','2021-03-03','SEK','','Karl Utterback','Andrei Brassas',11,60,'FVL','P',0,7,24857.5,19875,0,4971.5,'','Kopierad fran fakturanummer# 2',0,0,0,0,1,1,'2020-12-30 12.00.58.603','ask',0,339,0,0,10.1),(404,1,20,5,10116,0,'2021-02-01','2021-04-03','SEK','','Karl Utterback','Andrei Brassas',12,60,'FVL','P',0,7,24858.8,19875,0,4971.75,'','Kopierad fran fakturanummer# 3',0,0,0,0,1,1,'2021-02-03 10.42.33.375','ask',0,339,0,0,10.1),(405,1,20,6,10117,0,'2021-02-01','2021-04-03','SEK','PO 4600006660','Karl Utterback','Andrei Brassas',0,60,'FVL','P',0,7,26500,21200,0,5300,'','',0,0,0,0,1,1,'2021-02-03 11.02.01.140','ask',0,0,0,0,10.1),(418,1,20,7,10118,0,'2021-03-01','2021-05-01','SEK','','Karl Utterback','Andrei Brassas',12,60,'FVL','P',0,7,24858.8,19875,0,4971.75,'','Kopierad från fakturanummer# 5',0,0,0,0,1,1,'2021-03-02 15.08.48.109','ask',0,404,0,0,10.1),(420,1,20,8,10119,0,'2021-04-01','2021-06-01','SEK','','Karl Utterback','Andrei Brassas',12,60,'FVL','P',0,7,24858.8,19875,0,4971.75,'','Kopierad från fakturanummer# 7',0,0,0,0,1,1,'2021-04-06 11.14.43.796','ask',0,418,0,0,10.1),(421,29,58,2,0,0,'2020-05-05','2020-06-05','SEK','','Björn Åkesson','Martin Andrersson',0,30,'FVL','P',0,7,2496.25,1997,0,499.25,'','',0,0,0,0,0,1,'2021-04-13 10.49.18.250','exempel',0,0,0,0,10.1),(422,29,62,3,0,0,'2021-04-13','2021-05-13','SEK','','','Martin Andrersson',0,30,'FVL','P',0,7,63235,50588,0,12647,'','',0,0,0,0,1,0,'2021-04-13 11.54.19.703','exempel',1,0,0,1,10.1),(424,29,58,4,0,3,'2021-04-13','2021-05-13','SEK','','','Martin Andrersson',0,30,'FVL','P',0,7,6550,5240,0,1310,'','',0,0,0,0,0,1,'2021-04-13 12.17.24.265','exempel',0,0,0,1,10.1),(431,28,63,4,20210301,0,'2021-04-14','2021-05-14','SEK','','REINHALD','DONTU IVAN',0,30,'FVL','P',0,5,9200,7360,0,1840,'','',0,0,0,0,1,1,'2021-04-14 17.13.04.180','info',0,0,0,0,10.1),(434,29,62,5,0,0,'2021-04-13','2021-05-14','SEK','','Johan Andersson','Martin Andrersson',0,30,'FK','HAM',0,7,46922.5,50588,0,12647,'','',0,0,0,1,0,0,'2021-04-30 14.47.52.156','exempel',1,0,0,0,10.1),(435,1,20,16,10120,0,'2021-05-03','2021-07-03','SEK','','Karl Utterback','Andrei Brassas',0,60,'FVL','P',0,7,24843.8,19875,0,4968.75,'','SPCS 456',0,0,0,0,1,1,'2021-05-03 12.06.13.171','ask',0,420,0,0,10.1),(436,29,62,6,0,0,'2021-05-03','2021-06-02','SEK','Enligt överenskommelse','','Martin Andrersson',0,30,'FVL','P',0,7,34499.1,27599.2,9199.75,6899.81,'','',0,0,0,0,1,0,'2021-05-03 16.01.11.687','exempel',0,0,0,0,10.1),(437,29,64,7,0,0,'2021-05-03','2021-06-02','SEK','','','Martin Andrersson',0,30,'FVL','P',0,7,3336.13,2668.9,0,667.23,'','',0,0,0,0,0,0,'2021-05-03 16.18.26.875','exempel',0,0,0,0,10.1),(438,29,62,8,0,0,'2021-05-04','2021-06-03','SEK','','','Martin Andrersson',0,30,'FVL','P',0,7,3150,2520,0,630,'','',0,0,0,0,0,0,'2021-05-04 09.26.05.093','exempel',0,0,0,0,10.1),(439,29,58,9,0,0,'2021-05-04','2021-06-03','SEK','','','Martin Andrersson',0,30,'FVL','P',0,7,27375,24900,0,2475,'','',0,0,0,0,1,0,'2021-05-04 12.46.01.171','exempel',0,0,0,1,10.1),(440,29,62,10,0,0,'2021-05-05','2021-06-04','SEK','','','Martin Andrersson',0,30,'FVL','P',0,7,748.75,599,0,149.75,'','',0,0,0,0,0,1,'2021-05-05 16.24.38.460','exempel',0,0,0,0,10.1),(441,29,62,11,0,0,'2021-05-05','2021-06-05','SEK','','Johan Andersson','Martin Andrersson',0,30,'FK','HAM',0,7,375,300,0,75,'','',0,0,0,0,0,0,'2021-05-05 17.15.08.440','exempel',0,0,0,0,10.1),(446,29,62,12,0,0,'2021-05-05','2021-07-05','SEK','','','Martin Andrersson',0,60,'FK','HAM',0,7,375,300,0,75,'','Kopierad från fakturanummer# 11',0,0,0,0,0,0,'2021-05-05 22.32.20.589','exempel',0,441,0,0,10.1),(447,29,65,13,0,0,'2021-05-05','2021-06-04','SEK','','','Martin Andrersson',0,30,'CIF','D',0,7,375,300,0,75,'','',0,0,0,0,0,0,'2021-05-05 22.35.36.788','exempel',0,0,0,0,10.1),(448,29,62,14,0,0,'2021-05-06','2021-07-06','SEK','','Johan Andersson','Martin Andrersson',0,60,'FK','HAM',0,7,1736.25,1389,0,347.25,'','',0,0,0,0,0,0,'2021-05-06 16.02.14.812','exempel',0,0,0,0,10.1),(451,29,58,16,0,0,'2021-05-17','2021-06-17','SEK','','Björn Åkesson','Martin Andrersson',0,30,'FVL','P',0,7,23860,20588,0,3272,'','',0,0,0,0,0,0,'2021-05-17 12.05.21.545','exempel',0,0,1,0,10.1),(452,29,65,17,0,0,'2021-05-17','2021-06-17','SEK','','Anders Håkansson','Martin Andrersson',19,30,'CIF','D',0,7,1490,1173,174.5,298,'','',0,0,0,0,0,1,'2021-05-17 20.26.13.745','exempel',0,0,0,0,10.1),(453,29,58,18,0,0,'2021-05-17','2021-06-17','SEK','','Björn Åkesson','Martin Andrersson',0,30,'FVL','P',0,7,5248.75,4499,0,749.75,'','',0,0,0,0,0,0,'2021-05-17 20.29.08.594','exempel',0,0,1,0,10.1),(454,29,64,19,0,0,'2021-05-17','2021-06-17','SEK','','Henke Johansson','Martin Andrersson',179,30,'FK','P',0,7,5713.75,4392,138,1142.75,'','',0,0,0,0,0,1,'2021-05-17 20.32.25.318','exempel',0,0,0,0,10.1),(455,29,65,20,0,2,'2021-05-17','2021-05-17','SEK','','Anders Håkansson','Martin Andrersson',179,30,'CIF','D',0,7,6473.75,5000,0,1294.75,'','',0,0,0,0,1,0,'2021-05-17 20.39.07.461','exempel',0,0,0,1,10.1),(456,29,64,21,0,1,'2021-05-17','2021-06-17','SEK','','Henke Johansson','Martin Andrersson',179,30,'FK','P',0,7,5713.75,4392,138,1142.75,'19','Krediterar fakturanummer# 19',0,0,0,0,4,0,'2021-05-17 20.40.15.054','exempel',0,454,0,1,10.1),(457,29,66,22,0,0,'2021-06-01','2021-07-02','SEK','','Martin Henriksson','Martin Andrersson',79,30,'FVL','P',0,7,5955,4685,135,1191,'','',0,0,0,0,1,0,'2021-05-19 16.54.14.665','exempel',0,0,0,1,10.1),(458,29,66,23,0,0,'2021-06-05','2021-07-06','SEK','','Martin Henriksson','Martin Andrersson',79,30,'FVL','P',0,7,12692.5,10075,1425,2538.5,'','',0,0,0,0,1,0,'2021-05-19 16.56.25.009','exempel',0,0,0,1,10.1),(459,29,64,24,0,0,'2021-06-07','2021-07-08','SEK','','Henke Johansson','Martin Andrersson',79,30,'FK','P',0,7,39500,31521,0,7900,'','',0,0,0,0,1,0,'2021-05-19 16.57.34.602','exempel',0,0,0,0,10.1),(460,29,65,25,0,0,'2021-06-08','2021-07-09','SEK','','Anders Håkansson','Martin Andrersson',79,30,'CIF','D',0,7,8223.75,6500,0,1644.75,'','',0,0,0,0,1,0,'2021-05-19 16.58.31.555','exempel',0,0,0,0,10.1),(461,29,58,26,0,0,'2021-06-09','2021-07-10','SEK','','Björn Åkesson','Martin Andrersson',79,30,'FVL','P',0,7,37085,29589,0,7417,'','',0,0,0,0,1,0,'2021-05-19 16.59.13.305','exempel',0,0,0,0,10.1),(462,29,66,27,0,0,'2021-06-12','2021-07-13','SEK','','Martin Henriksson','Martin Andrersson',79,30,'FVL','P',0,7,23848.8,19000,0,4769.75,'','',0,0,0,0,0,0,'2021-05-19 17.00.09.118','exempel',0,0,0,0,10.1),(463,29,62,28,0,0,'2021-06-14','2021-07-15','SEK','','Johan Andersson','Martin Andrersson',79,30,'FK','HAM',0,7,12567.5,9975,0,2513.5,'','',0,0,0,0,0,0,'2021-05-19 17.01.14.587','exempel',0,0,0,0,10.1),(464,29,58,29,0,0,'2021-06-15','2021-07-16','SEK','','Björn Åkesson','Martin Andrersson',79,30,'FVL','P',0,7,5848.75,4600,0,1169.75,'','',0,0,0,0,0,0,'2021-05-19 17.01.57.180','exempel',0,0,0,0,10.1),(465,29,66,30,0,0,'2021-07-03','2021-08-03','SEK','','Martin Henriksson','Martin Andrersson',79,30,'FVL','P',0,7,35723.8,28500,0,7144.75,'','',0,0,0,0,0,0,'2021-05-19 17.04.03.477','exempel',0,0,0,0,10.1),(466,29,66,31,0,0,'2021-07-06','2021-08-06','SEK','','Martin Henriksson','Martin Andrersson',79,30,'FVL','P',0,7,15098.8,12000,0,3019.75,'','',0,0,0,0,0,0,'2021-05-19 17.04.34.165','exempel',0,0,0,0,10.1),(467,29,62,32,0,0,'2021-07-08','2021-08-08','SEK','','Johan Andersson','Martin Andrersson',79,30,'FK','HAM',0,7,5036.25,3950,0,1007.25,'','',0,0,0,0,0,0,'2021-05-19 17.05.05.149','exempel',0,0,0,0,10.1),(468,29,58,33,0,0,'2021-07-12','2021-08-12','SEK','','Björn Åkesson','Martin Andrersson',79,30,'FVL','P',0,7,24917.5,19855,0,4983.5,'','',0,0,0,0,0,0,'2021-05-19 17.05.46.524','exempel',0,0,0,0,10.1),(469,29,62,34,0,0,'2021-07-15','2021-08-15','SEK','','Johan Andersson','Martin Andrersson',79,30,'FK','HAM',0,7,9998.75,7920,0,1999.75,'','',0,0,0,0,0,0,'2021-05-19 17.06.19.587','exempel',0,0,0,0,10.1),(470,29,66,35,0,0,'2021-08-02','2021-09-02','SEK','','Martin Henriksson','Martin Andrersson',79,30,'FVL','P',0,7,12567.5,9975,0,2513.5,'','',0,0,0,0,0,0,'2021-05-19 17.07.32.087','exempel',0,0,0,0,10.1),(471,29,65,36,0,0,'2021-08-04','2021-09-04','SEK','','Anders Håkansson','Martin Andrersson',79,30,'CIF','D',0,7,11005,8725,0,2201,'','',0,0,0,0,0,0,'2021-05-19 17.08.09.493','exempel',0,0,0,0,10.1),(472,29,66,37,0,0,'2021-08-06','2021-09-06','SEK','','Martin Henriksson','Martin Andrersson',79,30,'FVL','P',0,7,21207.2,16886.8,2978.25,4241.44,'','',0,0,0,0,0,0,'2021-05-19 17.09.00.102','exempel',0,0,0,0,10.1),(473,29,64,38,0,0,'2021-08-19','2021-09-19','SEK','','Henke Johansson','Martin Andrersson',79,30,'FK','P',0,7,4973.75,3900,0,994.75,'','',0,0,0,0,0,0,'2021-05-19 17.10.27.930','exempel',0,0,0,0,10.1),(474,29,65,39,0,0,'2021-08-19','2021-09-19','SEK','','Anders Håkansson','Martin Andrersson',79,30,'CIF','D',0,7,28117,22414.6,7475.52,5623.4,'','',0,0,0,0,0,0,'2021-05-19 17.11.18.368','exempel',0,0,0,0,10.1),(475,29,65,40,0,0,'2021-08-21','2021-09-21','SEK','','Anders Håkansson','Martin Andrersson',79,30,'CIF','D',0,7,49475,39501,0,9895,'','',0,0,0,0,0,0,'2021-05-19 17.11.49.946','exempel',0,0,0,0,10.1),(476,29,65,41,0,0,'2021-08-21','2021-09-21','SEK','','Anders Håkansson','Martin Andrersson',79,30,'CIF','D',0,7,9442.5,7475,0,1888.5,'','',0,0,0,0,0,0,'2021-05-19 17.12.17.634','exempel',0,0,0,0,10.1),(477,29,65,42,0,0,'2021-08-23','2021-09-23','SEK','','Anders Håkansson','Martin Andrersson',79,30,'CIF','D',0,7,12586.2,9990,0,2517.25,'','',0,0,0,0,0,0,'2021-05-19 17.12.47.352','exempel',0,0,0,0,10.1),(478,29,66,43,0,0,'2021-09-01','2021-10-02','SEK','','Martin Henriksson','Martin Andrersson',79,30,'FVL','P',0,7,87348.8,69800,0,17469.8,'','',0,0,0,0,0,0,'2021-05-19 17.14.04.977','exempel',0,0,0,0,10.1),(479,29,58,44,0,0,'2021-09-01','2021-10-02','SEK','','Björn Åkesson','Martin Andrersson',79,30,'FVL','P',0,7,17784.9,14148.9,0,3556.98,'','',0,0,0,0,0,0,'2021-05-19 17.15.13.352','exempel',0,0,0,0,10.1),(480,29,66,45,0,0,'2021-09-02','2021-10-03','SEK','','Martin Henriksson','Martin Andrersson',79,30,'FVL','P',0,7,43723.8,34900,0,8744.75,'','',0,0,0,0,0,0,'2021-05-19 17.15.40.602','exempel',0,0,0,0,10.1),(481,29,66,46,0,0,'2021-09-04','2021-10-05','SEK','','Martin Henriksson','Martin Andrersson',79,30,'FVL','P',0,7,31223.9,24900.1,0,6244.78,'','',0,0,0,0,0,0,'2021-05-19 17.16.09.134','exempel',0,0,0,0,10.1),(482,29,65,47,0,0,'2021-10-01','2021-10-31','SEK','','Anders Håkansson','Martin Andrersson',79,30,'CIF','D',0,7,11336.2,8990,0,2267.25,'','',0,0,0,0,0,0,'2021-05-19 17.16.42.790','exempel',0,0,0,0,10.1),(483,29,64,48,0,0,'2021-10-02','2021-11-01','SEK','','Henke Johansson','Martin Andrersson',79,30,'FK','P',0,7,49973.8,39900,0,9994.75,'','',0,0,0,0,0,0,'2021-05-19 17.17.09.055','exempel',0,0,0,0,10.1),(484,29,66,49,0,0,'2021-10-02','2021-11-01','SEK','','Martin Henriksson','Martin Andrersson',79,30,'FVL','P',0,7,21450,17081,0,4290,'','',0,0,0,0,1,1,'2021-05-19 17.17.32.087','exempel',0,0,0,1,10.1),(485,29,66,50,0,0,'2021-10-03','2021-11-02','SEK','','Martin Henriksson','Martin Andrersson',79,30,'FVL','P',0,7,40723.8,32500,0,8144.75,'','',0,0,0,0,0,0,'2021-05-19 17.18.10.305','exempel',0,0,0,1,10.1),(486,29,65,51,0,0,'2021-10-05','2021-11-04','SEK','','Anders Håkansson','Martin Andrersson',79,30,'CIF','D',0,7,19730,15705,0,3946,'','',0,0,0,0,0,0,'2021-05-19 17.21.59.868','exempel',0,0,0,0,10.1),(488,29,68,52,0,0,'2020-09-09','2020-10-10','SEK','','','Martin Andrersson',0,30,'FVL','P',0,7,1187.5,950,0,237.5,'','',0,0,0,0,0,0,'2021-05-24 21.50.04.076','exempel',0,0,0,0,10.1),(490,29,68,53,0,0,'2021-05-26','2021-06-26','SEK','','','Martin Andrersson',0,30,'FVL','P',0,7,1187.5,950,0,237.5,'','Kopierad från fakturanummer# 52',0,0,0,0,0,0,'2021-05-26 15.01.40.237','exempel',0,488,0,1,10.1),(494,1,20,17,10121,0,'2021-06-01','2021-08-01','SEK','','Karl Utterback','Andrei Brassas',0,60,'FVL','P',0,7,24843.8,19875,0,4968.75,'','SPCS 461',0,0,0,0,1,1,'2021-06-02 12.18.52.208','ask',0,435,0,1,10.1),(495,28,71,6,20210611,0,'2021-06-11','2021-07-11','SEK','','','DONTU IVAN',0,10,'FVL','HAM',0,5,1500,1200,0,300,'','',0,0,0,0,1,1,'2021-06-11 10.35.20.175','info',0,0,0,0,10.1),(496,1,73,18,460,0,'2021-05-01','2021-06-01','SEK','','Peter Stello','Andrei Brassas',0,30,'FVL','P',0,7,9079.9,9079.9,0,0,'','',0,0,0,0,1,1,'2021-06-14 12.16.48.562','ask',0,0,0,0,10.1),(497,1,74,19,459,0,'2021-05-01','2021-06-01','SEK','','Dr. Andreas Spittel','Andrei Brassas',0,30,'FVL','P',0,7,38319.4,38319.4,0,0,'','Inbetalning bokfört',0,0,0,0,1,1,'2021-06-14 12.25.31.828','ask',0,0,0,0,10.1),(498,1,72,20,469,0,'2021-05-01','2021-07-01','SEK','','Rene Masson','Andrei Brassas',0,60,'FVL','P',0,7,19190,19190,0,0,'','Inbetalning bokfört',0,0,0,0,1,1,'2021-06-14 12.30.01.546','ask',0,0,0,1,10.1),(499,1,73,21,462,0,'2021-06-01','2021-07-02','SEK','','Peter Stello','Andrei Brassas',0,30,'FVL','P',0,7,9079.9,9079.9,0,0,'','Inbetalning bokfört',0,0,0,0,1,1,'2021-06-14 12.30.47.281','ask',0,496,0,1,10.1),(500,1,72,22,202106012,0,'2021-06-01','2021-08-01','SEK','','Rene Masson','Andrei Brassas',0,60,'FVL','P',0,7,19190,19190,0,0,'','SPCS 474',0,0,0,0,1,1,'2021-06-14 12.33.17.250','ask',0,498,0,1,10.1),(501,1,74,23,463,0,'2021-06-14','2021-07-15','SEK','','Dr. Andreas Spittel','Andrei Brassas',0,30,'FVL','P',0,7,38319.4,38319.4,0,0,'','Inbetalning bokfört',0,0,0,0,1,1,'2021-06-14 12.35.09.796','ask',0,497,0,1,10.1),(502,28,63,7,0,0,'2021-04-01','2021-05-02','SEK','','REINHALD','DONTU IVAN',0,30,'FVL','P',0,5,5750,4600,0,1150,'','',0,0,0,0,1,1,'2021-06-18 15.07.10.550','info',0,0,0,1,10.1),(503,28,37,8,2021042603,0,'2021-06-18','2021-07-19','SEK','','','DONTU IVAN',0,30,'FVL','P',0,5,750,600,0,150,'','',0,0,0,0,1,1,'2021-06-18 16.17.34.120','info',0,0,0,0,10.1),(507,1,20,24,10122,0,'2021-07-01','2021-08-31','SEK','','Karl Utterback','Andrei Brassas',0,60,'FVL','P',0,7,24843.8,19875,0,4968.75,'','SPCS faktura - 465',0,0,0,0,1,1,'2021-07-07 09.58.20.926','ask',0,494,0,1,10.1),(508,1,73,25,466,0,'2021-07-01','2021-08-01','SEK','','Peter Stello','Andrei Brassas',0,30,'FVL','P',0,7,9079.9,9079.9,0,0,'','',0,0,0,0,1,1,'2021-07-07 10.20.56.598','ask',0,499,0,1,10.1),(510,1,74,26,467,0,'2021-07-01','2021-08-01','SEK','','Dr. Andreas Spittel','Andrei Brassas',0,30,'FVL','P',0,7,38319.4,38319.4,0,0,'','',0,0,0,0,1,1,'2021-07-07 11.07.18.535','ask',0,501,0,1,10.1),(511,1,72,27,202107012,0,'2021-07-01','2021-08-31','SEK','','Rene Masson','Andrei Brassas',0,60,'FVL','P',0,7,19190,19190,0,0,'','SPCS# 468 - Reminder Sent',0,0,0,0,1,1,'2021-07-07 11.10.48.535','ask',0,500,0,1,10.1),(513,1,20,28,10123,0,'2021-08-02','2021-10-02','SEK','','Karl Utterback','Andrei Brassas',0,60,'FVL','P',0,7,24843.8,19875,0,4968.75,'','SPCS 470',0,0,0,0,1,1,'2021-07-29 21.59.24.603','ask',0,507,0,1,10.1),(514,1,73,29,202108021,0,'2021-08-02','2021-09-02','SEK','','Peter Stello','Andrei Brassas',0,30,'FVL','P',0,7,9178.79,9178.79,0,0,'','SPCS 471 - Reminder sent',0,0,0,0,1,1,'2021-07-29 22.00.38.511','ask',0,508,0,1,10.21),(515,1,74,30,202108022,0,'2021-08-02','2021-09-02','SEK','','Dr. Andreas Spittel','Andrei Brassas',0,30,'FVL','P',0,7,38736.7,38736.7,0,0,'','SPCS 472',0,0,0,0,1,1,'2021-07-29 22.02.37.908','ask',0,510,0,1,10.21),(516,1,72,31,202108023,0,'2021-08-02','2021-10-02','SEK','','Rene Masson','Andrei Brassas',0,60,'FVL','P',0,7,19399,19399,0,0,'','SPCS 473¤ Reminder sent X2',0,0,0,0,1,1,'2021-07-29 22.04.57.137','ask',0,511,0,1,10.21),(520,29,67,55,0,0,'2021-08-14','2021-09-14','SEK','','Johanes Schaffer','Linus Jönsson',10,30,'FVL','P',2,0,4666.2,4545,0,0,'','',0,0,0,0,0,1,'2021-08-13 10.48.49.734','exempel',0,0,0,1,10.1),(524,29,67,56,0,2,'2021-08-13','2021-08-13','SEK','test','','',0,30,'FVL','P',0,0,8787,8787,0,0,'','',0,0,0,0,1,0,'2021-08-13 12.19.37.093','exempel',0,0,0,0,10.1),(526,29,67,57,0,3,'2021-08-13','2021-09-12','SEK','','','',10,30,'FVL','P',2,0,4716.7,4595.5,0,0,'','',0,0,0,0,0,0,'2021-08-13 12.57.54.625','exempel',0,0,0,0,10.1),(527,34,75,1,0,0,'2021-08-18','2021-09-17','SEK','','Johan Hansson','Linus Jönsson',10,30,'FVL','P',2,0,6419.5,5147,0,1260.5,'','',0,0,0,0,0,0,'2021-08-18 20.35.15.749','demo',0,0,0,0,10.1),(528,34,76,2,0,0,'2021-08-18','2021-10-18','SEK','','Andreas Ljungström','Linus Jönsson',479,60,'FVL','P',0,7,26817.5,20975,0,5363.5,'','',0,0,0,0,1,0,'2021-08-18 21.13.12.392','demo',0,0,0,0,10.1),(530,34,76,3,0,0,'2021-08-19','2021-10-19','SEK','','Andreas Ljungström','Linus Jönsson',479,60,'FVL','P',0,7,22390.6,18232.5,1137.5,3679.13,'','',0,0,0,0,1,0,'2021-08-19 20.51.45.397','demo',0,0,1,0,10.1),(533,34,77,4,0,0,'2021-08-20','2021-09-19','SEK','','Lars Simonsson','Linus Jönsson',179,30,'FVL','P',0,7,8045,6257,0,1609,'','',0,0,0,0,0,0,'2021-08-20 09.07.13.656','demo',0,0,0,0,10.1),(534,34,78,5,0,0,'2021-08-20','2021-09-19','SEK','','Peter Hansson','Linus Jönsson',0,30,'FVL','P',0,7,46922.5,50588,0,12647,'','',0,0,0,0,0,0,'2021-08-20 09.16.10.093','demo',1,0,0,1,10.1),(535,34,75,6,0,0,'2021-08-20','2021-10-20','SEK','Enligt överenskommelse','Johan Hansson','Linus Jönsson',0,60,'FVL','P',0,7,16081.2,12904,0,3177.25,'','',0,0,0,0,1,0,'2021-08-20 12.39.57.156','demo',0,0,0,0,10.1),(536,34,77,7,0,0,'2021-08-20','2021-09-19','SEK','','Lars Simonsson','Linus Jönsson',0,30,'FVL','HAM',0,7,1378.75,1103,0,275.75,'','test¤ test¤ test ££££',0,0,0,1,0,1,'2021-08-20 12.40.56.890','demo',0,0,0,0,10.1),(537,34,77,8,0,1,'2021-08-20','2021-08-20','SEK','','Lars Simonsson','Linus Jönsson',0,30,'FVL','P',0,7,1378.75,1103,0,275.75,'7','Krediterar fakturanummer# 7',0,0,0,0,4,1,'2021-08-20 12.41.12.093','demo',0,536,0,1,10.1),(542,34,77,9,0,0,'2021-08-25','2021-09-24','SEK','Lars Simonsson order','Lars Simonsson','Linus Jönsson',299,30,'FVL','P',0,7,11482.5,8887,0,2296.5,'','',0,0,0,0,1,0,'2021-08-25 14.47.26.008','demo',0,0,0,0,10.1),(543,34,75,10,0,0,'2021-08-25','2021-09-25','SEK','','Johan Hanssonn','Linus Jönsson',0,30,'FVL','HAM',0,7,23438.8,18790,0,4648.75,'','Kopierad från fakturanummer# 6',0,0,0,0,0,0,'2021-08-25 21.13.40.669','demo',0,535,0,0,10.1),(545,34,84,11,0,0,'2021-08-26','2021-09-25','SEK','','Koko Sejo','Linus Jönsson',149,30,'FVL','P',0,7,17360,13739,0,3472,'','',0,0,0,0,0,0,'2021-08-26 20.52.55.967','demo',0,0,0,1,10.1),(547,34,76,12,0,0,'2021-08-26','2021-09-26','SEK','Snabb leverans begärd','Andreas Ljungström','Linus Jönsson',379,30,'FVL','P',0,7,25902.8,20343.2,1638.75,5180.56,'','Kopierad från fakturanummer# 2',0,0,0,0,0,0,'2021-08-26 21.01.34.428','demo',0,528,0,1,10.1),(548,34,77,13,0,0,'2021-08-27','2021-09-27','SEK','','Lars Simonsson','Linus Jönsson',379,30,'FVL','HAM',0,7,5052.5,3663,0,1010.5,'','',0,0,0,0,0,0,'2021-08-27 15.38.07.687','demo',0,0,0,0,10.1),(549,34,75,14,0,0,'2021-08-27','2021-09-26','SEK','','Johan Hanssonn','Linus Jönsson',379,30,'FVL','P',0,7,5298.75,3860,0,1059.75,'','',0,0,0,0,0,0,'2021-08-27 15.41.05.328','demo',0,0,0,0,10.1),(550,34,84,15,0,0,'2021-08-27','2021-09-26','SEK','','Koko Sejo','Linus Jönsson',379,30,'FVL','P',0,7,2471.25,1598,0,494.25,'','',0,0,0,0,0,0,'2021-08-27 22.11.29.818','demo',0,0,0,0,10.1),(552,34,77,16,0,0,'2021-08-30','2021-09-29','SEK','','Lars Simonsson','Linus Jönsson',0,30,'FVL','HAM',0,7,8525,6820,0,1705,'','',0,0,0,0,0,0,'2021-08-30 15.51.54.359','demo',0,0,0,0,10.1),(556,34,77,17,0,0,'2021-09-01','2021-10-02','SEK','','Lars Simonsson','Linus Jönsson',0,30,'FVL','HAM',0,7,4453.44,3601.75,436.25,851.69,'','',0,0,0,0,0,0,'2021-08-31 13.27.56.718','demo',0,0,0,1,10.1),(557,34,84,18,0,0,'2021-09-01','2021-10-02','SEK','','Koko Sejo','Linus Jönsson',0,30,'FVL','P',0,7,14495,11596,0,2899,'','',0,0,0,0,0,0,'2021-08-31 13.36.42.031','demo',0,0,0,0,10.1),(558,34,77,19,0,0,'2021-09-01','2021-10-02','SEK','','Lars Simonsson','Linus Jönsson',0,30,'FVL','HAM',0,7,9050,7240,0,1810,'','',0,0,0,0,0,0,'2021-08-31 14.53.46.234','demo',0,0,0,0,10.1),(559,34,76,20,0,0,'2021-09-01','2021-10-02','SEK','','Andreas Ljungström','Linus Jönsson',0,30,'FVL','P',0,7,11778.8,9423,0,2355.75,'','',0,0,0,0,0,0,'2021-08-31 15.20.49.031','demo',0,0,0,0,10.1),(560,34,84,21,0,0,'2021-09-01','2021-10-02','SEK','','Koko Sejo','Linus Jönsson',0,30,'FVL','P',0,7,12157.5,9726,0,2431.5,'','Kopierad från fakturanummer# 18',0,0,0,0,0,0,'2021-08-31 15.28.52.296','demo',0,557,0,0,10.1),(561,34,75,22,0,0,'2021-09-01','2021-10-02','SEK','','Johan Hanssonn','Linus Jönsson',379,30,'FVL','P',0,7,8835,6689,0,1767,'','Kopierad från fakturanummer# 14',0,0,0,0,0,0,'2021-08-31 15.37.30.677','demo',0,549,0,0,10.1),(563,34,82,23,0,0,'2021-09-01','2021-10-02','SEK','','Lina Hansson','Linus Jönsson',0,30,'FVL','P',0,7,13162.5,10530,0,2632.5,'','',0,0,0,0,0,0,'2021-08-31 20.44.48.313','demo',0,0,0,0,10.1),(564,1,20,32,10124,0,'2021-09-02','2021-11-01','SEK','','Karl Utterback','Andrei Brassas',0,60,'FVL','P',0,7,24843.8,19875,0,4968.75,'','SPCS# 475',0,0,0,0,1,1,'2021-09-02 09.34.05.000','ask',0,513,0,1,10.1),(565,1,73,33,202109021,0,'2021-09-02','2021-10-03','SEK','','Peter Stello','Andrei Brassas',0,30,'FVL','P',0,7,9161.71,9161.71,0,0,'','SPCS# 476',0,0,0,0,1,1,'2021-09-02 10.25.17.640','ask',0,514,0,1,10.19),(566,1,74,34,202109022,0,'2021-09-02','2021-10-03','SEK','','Dr. Andreas Spittel','Andrei Brassas',0,30,'FVL','P',0,7,38660.9,38660.9,0,0,'','SPCS# 477',0,0,0,0,1,1,'2021-09-02 10.40.53.984','ask',0,515,0,1,10.19),(567,1,72,35,202109023,0,'2021-09-02','2021-11-01','SEK','','Rene Masson','Andrei Brassas',0,60,'FVL','P',0,7,19361,19361,0,0,'','SPCS# 478¤ last reminder sent 2021-12-08',0,0,0,0,1,1,'2021-09-02 11.11.49.062','ask',0,516,0,1,10.19),(569,34,84,24,0,0,'2021-09-02','2021-09-18','SEK','','Koko Sejo','Linus Jönsson',79,15,'FVL','P',0,7,6136.25,5025,0,1032.25,'','',0,0,0,0,0,0,'2021-09-02 21.09.25.333','demo',0,0,0,0,10.1),(572,34,84,25,0,0,'2021-09-02','2021-09-18','SEK','','Koko Sejo','Linus Jönsson',79,15,'FVL','P',0,7,6268.75,4936,0,1253.75,'','Kopierad från fakturanummer# 24',0,0,0,1,0,0,'2021-09-02 21.15.06.361','demo',0,569,0,0,10.1),(573,34,77,26,0,0,'2021-09-03','2021-10-03','SEK','','Lars Simonsson','Linus Jönsson',79,30,'FVL','HAM',0,7,3167.5,2455,0,633.5,'','',0,0,0,0,0,1,'2021-09-03 10.48.51.781','demo',0,0,0,1,10.1),(574,34,84,27,0,1,'2021-09-03','2021-09-19','SEK','','Koko Sejo','Linus Jönsson',79,15,'FVL','P',0,7,6268.75,4936,0,1253.75,'25','Krediterar fakturanummer# 25',0,0,0,0,4,0,'2021-09-03 10.55.21.203','demo',0,572,0,0,10.1),(575,40,85,1,0,0,'2021-09-03','2021-10-03','SEK','','','',0,30,'FVL','P',0,0,7143.75,5715,0,1428.75,'','',0,0,0,0,0,0,'2021-09-03 11.41.05.796','kocmoc1985',0,0,0,0,10.1),(576,40,86,2,0,0,'2021-09-03','2021-10-03','SEK','','H. Johansson','Pokki Jukinnen',0,30,'FVL','P',0,0,46922.5,50588,0,12647,'','',0,0,0,0,0,0,'2021-09-03 11.52.40.724','kocmoc1985',1,0,0,0,10.1),(577,40,86,3,0,0,'2021-09-03','2021-10-03','SEK','','H. Johansson','Pokki Jukinnen',0,30,'FVL','P',0,0,36047.5,50588,0,12647,'','',0,0,0,0,0,0,'2021-09-03 11.56.27.335','kocmoc1985',1,0,0,1,10.1),(578,34,78,28,0,0,'2021-09-03','2021-10-03','SEK','','Peter Hansson','Linus Jönsson',0,30,'FVL','P',0,7,46922.5,50588,0,12647,'','',0,0,0,0,1,1,'2021-09-03 14.25.46.234','demo',1,0,0,1,10.1),(580,34,75,29,0,0,'2021-09-03','2021-10-03','SEK','','Peter Jönsson','Johan Engström',0,30,'FVL','P',0,0,12256.2,9805,0,2451.25,'','',0,0,0,0,0,0,'2021-09-03 21.42.39.697','demo',0,0,0,0,10.1),(582,34,75,30,0,0,'2021-09-04','2021-10-05','SEK','','Peter Jönsson','Johan Engström',0,30,'FVL','P',0,0,22568.8,18055,0,4513.75,'','Kopierad från fakturanummer# 29',0,0,0,0,0,0,'2021-09-04 16.29.43.164','demo',0,580,0,1,10.1),(587,34,77,31,0,0,'2021-09-07','2021-10-08','SEK','','Lars Simonsson','Linus Jönsson',79,30,'FVL','HAM',0,7,3662.5,2851,0,732.5,'','Kopierad från fakturanummer# 26',0,0,0,0,0,1,'2021-09-07 11.50.01.140','demo',0,573,0,0,10.1),(593,34,82,32,0,3,'2021-09-08','2021-10-08','SEK','Leverans inom 5 dgr','Jonas Larsson','Linus Jönsson',790,30,'FVL','P',50,7,64732.5,50946,6785,12946.5,'','',0,0,0,0,0,0,'2021-09-08 12.06.17.234','demo',0,0,0,1,10.1),(594,34,75,33,0,2,'2021-09-08','2021-09-08','SEK','','Bertil Andersson','Linus Jönsson',140,30,'FVL','P',0,7,26306.2,20905,4800,5261.25,'','',0,0,0,0,1,0,'2021-09-08 12.19.13.015','demo',0,0,0,1,10.1),(595,34,88,34,0,0,'2021-09-08','2021-10-08','SEK','','Gerbert Seehoffer','Linus Jönsson',199,30,'FVL','P',0,7,39228.4,37218.5,0,0,'','',0,0,0,0,0,0,'2021-09-08 12.35.10.015','demo',0,0,0,1,10.1),(599,34,77,35,0,0,'2021-09-08','2021-10-08','SEK','','Lars Simonsson','Linus Jönsson',0,30,'FVL','HAM',0,7,51875,46900,0,4975,'','Krediterad av fakturanr# 38',0,0,0,1,0,0,'2021-09-08 13.20.11.781','demo',0,0,1,1,10.1),(605,34,77,37,0,2,'2021-09-09','2021-09-09','SEK','Betald med swish','Lars Simonsson','Linus Jönsson',0,30,'FVL','HAM',0,7,8907.75,7134,0,1773.75,'','',0,0,0,0,1,0,'2021-09-09 13.25.02.312','demo',0,0,0,0,10.1),(609,34,77,38,0,1,'2021-09-09','2021-09-09','SEK','','Lars Simonsson','Linus Jönsson',0,30,'FVL','HAM',0,7,51875,46900,0,4975,'35','Krediterar fakturanummer# 35',0,0,0,0,4,0,'2021-09-09 14.06.56.359','demo',0,599,1,0,10.1),(610,34,82,39,0,0,'2021-09-09','2021-10-10','SEK','Leverans inom 5 dgr','Jonas Larsson','Linus Jönsson',790,30,'FVL','P',50,7,64732.5,50946,6785,12946.5,'','Skapad från offertummer# 32',0,0,0,0,0,0,'2021-09-09 15.35.23.875','demo',0,593,0,1,10.1),(612,34,87,41,0,0,'2021-09-13','2021-10-13','SEK','','Märta Bergersson','Linus Jönsson',0,30,'FVL','P',0,7,11998,9614,0,2384,'','',0,0,0,0,0,0,'2021-09-13 09.54.28.734','demo',0,0,0,1,10.1),(616,28,63,9,20210901,0,'2021-09-30','2021-10-31','SEK','','REINHALD','DONTU IVAN',0,30,'FVL','HAM',0,5,33493.8,26795,0,6698.75,'','',0,0,0,0,1,1,'2021-09-30 10.09.04.725','info',0,0,0,0,0),(617,41,89,1,0,0,'2021-10-03','2021-11-02','SEK','','','',0,30,'FVL','P',0,0,2200,2200,0,0,'','',0,0,0,0,0,1,'2021-10-03 17.39.53.850','vitalii.kyselov',0,0,0,1,10.1),(618,41,89,2,0,0,'2021-10-03','2021-11-02','SEK','','','',0,30,'FVL','P',0,7,995,995,0,0,'','',0,0,0,0,0,0,'2021-10-03 17.47.48.671','vitalii.kyselov',0,0,0,0,10.1),(619,1,20,36,10125,0,'2021-10-04','2021-12-03','SEK','','Karl Utterback','Andrei Brassas',0,60,'FVL','P',0,7,24843.8,19875,0,4968.75,'','SPCS# 479',0,0,0,0,1,1,'2021-10-04 09.56.41.250','ask',0,564,0,1,10.1),(620,1,73,37,202110041,0,'2021-10-04','2021-11-03','SEK','','Peter Stello','Andrei Brassas',0,30,'FVL','P',0,7,9160.81,9160.81,0,0,'','SPCS# 480lnbr8.825¤09 kr',0,0,0,0,1,1,'2021-10-04 10.04.18.796','ask',0,565,0,1,10.19),(621,1,74,38,202110042,0,'2021-10-04','2021-11-03','SEK','','Dr. Andreas Spittel','Andrei Brassas',0,30,'FVL','P',0,7,38660.9,38660.9,0,0,'','SPCS#481¤ Reminder sentlnbr38788¤51',0,0,0,0,1,1,'2021-10-04 10.05.49.015','ask',0,566,0,1,10.19),(622,1,72,39,202110043,0,'2021-10-04','2021-12-03','SEK','','Rene Masson','Andrei Brassas',0,60,'FVL','P',0,7,19361,19361,0,0,'','SPCS# 482',0,0,0,0,1,1,'2021-10-04 11.35.52.062','ask',0,567,0,1,10.19),(623,1,90,40,7981,0,'2021-10-27','2021-11-11','SEK','2059317-01','Aya Taniwaki','Stanislav Brassas',0,15,'FVL','P',0,7,363600,363600,0,0,'','SPCS# 487lnbr363.612¤96 kr',0,0,0,0,1,1,'2021-10-06 12.53.35.609','ask',0,0,0,1,10.1),(626,29,68,58,0,0,'2021-10-20','2021-11-18','SEK','','','Linus Jönsson',0,30,'FVL','P',0,7,46242.5,50044,0,12511,'','',0,0,0,0,0,0,'2021-10-20 12.01.10.750','exempel',1,0,0,0,10.1),(628,29,68,59,0,0,'2021-10-20','2021-11-18','SEK','','','Linus Jönsson',0,30,'FVL','P',0,7,53225,58024,0,14506,'','',0,0,0,0,0,0,'2021-10-20 16.20.42.296','exempel',1,0,0,0,10.1),(629,28,37,10,0,0,'2021-10-25','2021-11-09','SEK','','','',0,15,'FVL','HAM',0,5,2500,2000,0,500,'','',0,0,0,0,1,1,'2021-10-25 16.09.42.114','info',0,0,0,0,0),(630,1,20,41,10126,0,'2021-11-02','2022-01-02','SEK','','Karl Utterback','Andrei Brassas',0,60,'FVL','P',0,7,24843.8,19875,0,4968.75,'','SPCS# 483',0,0,0,0,1,1,'2021-11-02 10.42.23.937','ask',0,619,0,1,10.1),(631,1,73,42,202111021,0,'2021-11-02','2021-12-03','SEK','','Peter Stello','Andrei Brassas',0,30,'FVL','P',0,7,8884.37,8884.37,0,0,'','SPCS# 484',0,0,0,0,1,1,'2021-11-02 10.48.17.796','ask',0,620,0,1,9.8825),(632,1,74,43,202111022,0,'2021-11-02','2021-12-03','SEK','','Dr. Andreas Spittel','Andrei Brassas',0,30,'FVL','P',0,7,37494.2,37494.2,0,0,'','SPCS# 485',0,0,0,0,1,1,'2021-11-02 10.49.40.828','ask',0,621,0,1,9.8825),(633,1,72,44,202111023,0,'2021-11-02','2022-01-02','SEK','','Rene Masson','Andrei Brassas',0,60,'FVL','P',0,7,18776.8,18776.8,0,0,'','SPCS# 486',0,0,0,0,1,1,'2021-11-02 10.56.20.031','ask',0,622,0,1,9.8825),(641,42,91,1,0,0,'2021-11-20','2021-12-20','SEK','','Peter Lund','Alex Verbitski',0,30,'FVL','P',0,7,74000,74000,0,0,'','',0,0,0,0,0,1,'2021-11-20 20.18.53.548','2438826',0,0,1,1,10.1),(642,28,71,11,20211122,0,'2021-11-22','2021-12-23','SEK','','','',0,15,'FVL','HAM',0,5,2000,1600,0,400,'','',0,0,0,0,1,0,'2021-11-22 12.06.21.578','info',0,0,0,1,0),(644,1,20,45,10127,0,'2021-12-01','2022-01-31','SEK','','Karl Utterback','Andrei Brassas',0,60,'FVL','P',0,7,24843.8,19875,0,4968.75,'','SPCS# 488',0,0,0,0,1,1,'2021-11-29 12.19.58.796','ask',0,630,0,0,10.1),(645,1,73,46,202112011,0,'2021-12-01','2022-01-01','SEK','','Peter Stello','Andrei Brassas',0,30,'FVL','P',0,7,9259.7,9259.7,0,0,'','SPCS# 489',0,0,0,0,1,1,'2021-11-29 12.27.25.171','ask',0,631,0,0,10.3),(646,1,74,47,202112012,0,'2021-12-01','2022-01-01','SEK','Last invoice!','Dr. Andreas Spittel','Andrei Brassas',0,30,'FVL','P',0,7,39078.2,39078.2,0,0,'','SPCS# 490',0,0,0,0,1,1,'2021-11-29 12.30.51.765','ask',0,632,0,0,10.3),(647,1,72,48,202112013,0,'2021-12-01','2022-01-31','SEK','','Rene Masson','Andrei Brassas',0,60,'FVL','P',0,7,19570,19570,0,0,'','SPCS# 491',0,0,0,0,1,1,'2021-11-29 12.34.51.750','ask',0,633,0,0,10.3),(648,28,92,12,20211129,0,'2021-11-29','2021-12-04','SEK','','','',0,5,'FVL','HAM',0,5,6400,5120,0,1280,'','',0,0,0,0,1,1,'2021-11-29 20.14.28.689','info',0,0,0,0,0),(649,28,37,13,20211125,0,'2021-11-29','2021-12-09','SEK','LNL 771','','',0,10,'FVL','HAM',0,5,2875,2300,0,575,'','',0,0,0,0,1,1,'2021-11-29 20.21.58.671','info',0,0,0,0,0),(651,28,92,14,202110602,0,'2021-12-06','2021-12-16','SEK','','','',0,10,'FVL','HAM',0,5,6000,4800,0,1200,'','',0,0,0,0,1,1,'2021-12-06 13.58.50.645','info',0,0,0,0,0),(652,28,93,15,2021110701,0,'2021-12-07','2021-12-17','SEK','','','',0,10,'FVL','HAM',0,5,12400,9920,0,2480,'','',0,0,0,0,1,1,'2021-12-07 13.42.51.638','info',0,0,0,1,0),(653,28,37,16,0,0,'2021-12-09','2022-01-09','SEK','DCK64M','','',0,30,'FVL','P',0,5,687.5,550,0,137.5,'','',0,0,0,0,1,1,'2021-12-09 12.58.37.346','info',0,0,0,0,0),(654,1,20,49,10128,0,'2022-01-03','2022-03-05','SEK','','Karl Utterback','Andrei Brassas',0,60,'FVL','P',0,7,24843.8,19875,0,4968.75,'','SPCS# 492',0,0,0,0,1,1,'2021-12-13 12.00.58.046','ask',0,644,0,1,10.1),(655,1,73,50,202201031,0,'2022-01-03','2022-02-03','SEK','','Peter Stello','Andrei Brassas',0,30,'FVL','P',0,7,9259.7,9259.7,0,0,'','SPCS# 493¤ reminder sent',0,0,0,0,1,1,'2021-12-13 12.01.48.656','ask',0,645,0,1,10.3),(656,1,72,51,202201032,0,'2022-01-03','2022-03-05','SEK','','Rene Masson','Andrei Brassas',0,60,'FVL','P',0,7,19570,19570,0,0,'','SPCS# 501',0,0,0,0,1,1,'2021-12-13 12.03.33.906','ask',0,647,0,0,10.3),(658,1,74,52,202201033,0,'2022-01-03','2022-02-03','SEK','Outside-Community supply','Dr. Andreas Spittel','Andrei Brassas',0,30,'FVL','P',0,7,38698.8,38698.8,0,0,'','SPCS# 494',0,0,0,0,1,1,'2021-12-17 12.44.14.437','ask',0,646,0,1,10.2),(664,1,20,53,10129,0,'2022-02-01','2022-04-03','SEK','','Karl Utterback','Andrei Brassas',0,60,'FVL','P',0,7,24843.8,19875,0,4968.75,'','SPCS# 495',0,0,0,0,1,1,'2022-02-01 15.11.15.227','ask',0,654,0,0,10.1),(665,1,73,54,202202011,0,'2022-02-01','2022-03-04','SEK','','Peter Stello','Andrei Brassas',0,30,'FVL','P',0,7,9385.56,9385.56,0,0,'','SPCS# 496¤ inebetalning ej bokfört i spcs',0,0,0,0,1,1,'2022-02-01 15.15.24.358','ask',0,655,0,0,10.44),(666,1,72,55,202202012,0,'2022-02-01','2022-04-03','SEK','','Rene Masson','Andrei Brassas',0,60,'FVL','P',0,7,19836,19836,0,0,'','SPCS# 504',0,0,0,0,1,1,'2022-02-01 15.22.31.332','ask',0,656,0,0,10.44),(667,1,74,56,202202013,0,'2022-02-01','2022-03-04','SEK','Outside-Community supply','Dr. Andreas Spittel','Andrei Brassas',0,30,'FVL','P',0,7,39609.4,39609.4,0,0,'','SPCS# 497',0,0,0,0,1,1,'2022-02-01 15.28.43.190','ask',0,658,0,0,10.44),(670,1,90,57,8001,0,'2022-02-11','2022-03-14','SEK','1-21-59327-0 / Outside-Community supply**','Aya Taniwaki','Stanislav Brassas',0,30,'FVL','P',0,0,374400,374400,0,0,'','SPCS# 507',0,0,0,0,1,1,'2022-02-10 19.03.08.472','ask',0,623,0,1,10.4),(672,1,20,58,10130,0,'2022-03-01','2022-05-01','SEK','','Karl Utterback','Andrei Brassas',0,60,'FVL','P',0,7,24843.8,19875,0,4968.75,'','SPCS# 498',0,0,0,0,1,1,'2022-03-01 13.04.52.368','ask',0,664,0,0,10.1),(673,1,73,59,202203011,0,'2022-03-01','2022-04-01','SEK','','Peter Stello','Andrei Brassas',0,30,'FVL','P',0,7,9574.35,9574.35,0,0,'','SPCS# 499',0,0,0,0,1,1,'2022-03-01 13.05.46.848','ask',0,665,0,0,10.65),(674,1,72,60,202203012,0,'2022-03-01','2022-05-01','SEK','','Rene Masson','Andrei Brassas',0,60,'FVL','P',0,7,20235,20235,0,0,'','SPCS# 508',0,0,0,0,1,1,'2022-03-01 13.10.10.855','ask',0,666,0,0,10.65),(675,1,74,61,202203013,0,'2022-03-01','2022-04-01','SEK','Outside-Community supply','Dr. Andreas Spittel','Andrei Brassas',0,30,'FVL','P',0,7,40406.1,40406.1,0,0,'','SPCS#500lnbrThis is the last invoice according to the contract',0,0,0,0,1,1,'2022-03-01 13.11.17.047','ask',0,667,0,0,10.65),(676,28,63,17,2022020104,0,'2022-03-01','2022-03-11','SEK','','REINHALD','',0,10,'FVL','HAM',0,5,21718.8,17375,0,4343.75,'','',0,0,0,0,1,1,'2022-03-01 16.18.56.342','info',0,0,0,0,0),(677,1,20,62,0,3,'2022-09-30','2022-11-30','SEK','','Karl Utterback','Andrei Brassas',0,60,'FVL','P',0,7,18218.8,14575,0,3643.75,'','',0,0,0,0,0,1,'2022-03-30 10.47.28.215','ask',0,0,0,1,10.1),(679,1,73,63,202204011,0,'2022-04-01','2022-05-02','SEK','','Peter Stello','Andrei Brassas',0,30,'FVL','P',0,7,9322.63,9322.63,0,0,'','SPCS# 502',0,0,0,0,1,1,'2022-04-01 10.34.05.787','ask',0,673,0,0,10.37),(680,1,72,64,202204012,0,'2022-04-01','2022-06-01','SEK','','Rene Masson','Andrei Brassas',0,60,'FVL','P',0,7,19703,19703,0,0,'','SPCS# 512',0,0,0,0,1,1,'2022-04-01 10.37.45.044','ask',0,674,0,0,10.37),(681,1,20,65,10131,0,'2022-04-01','2022-06-01','SEK','','Henrik Hansson Rahnboy','Andrei Brassas',0,60,'FVL','P',0,7,24843.8,19875,0,4968.75,'','SPCS# 503',0,0,0,0,1,1,'2022-04-01 10.39.55.105','ask',0,672,0,0,10.1),(684,28,37,18,20220413,0,'2022-04-13','2022-05-14','SEK','DCK64M','','',0,30,'FVL','P',0,0,4125,3300,0,825,'','',0,0,0,0,1,1,'2022-04-13 13.45.17.808','dontuivan',0,0,0,0,10.1),(686,28,37,19,0,0,'2022-04-22','2022-05-02','SEK','BIL - MDJ 100','','',0,10,'FVL','HAM',0,0,5000,4000,0,1000,'','',0,0,0,0,1,1,'2022-04-22 09.46.38.877','dontuivan',0,0,0,0,10.1),(690,1,73,66,202205021,0,'2022-05-02','2022-06-02','SEK','','Peter Stello','Andrei Brassas',0,30,'FVL','P',0,7,9349.6,9349.6,0,0,'','SPCS# 505',0,0,0,0,1,1,'2022-05-02 13.47.03.488','ask',0,679,0,0,10.4),(691,1,72,67,202205022,0,'2022-05-02','2022-07-02','SEK','','Rene Masson','Andrei Brassas',0,60,'FVL','P',0,7,19760,19760,0,0,'','SPCS# 516',0,0,0,0,1,1,'2022-05-02 13.51.04.771','ask',0,680,0,0,10.4),(692,1,20,68,10132,0,'2022-05-02','2022-07-02','SEK','','Karl Utterback','Andrei Brassas',0,60,'FVL','P',0,7,24843.8,19875,0,4968.75,'','SPCS# 506',0,0,0,0,1,1,'2022-05-02 13.52.25.688','ask',0,681,0,0,10.1),(693,28,93,20,2022050502,0,'2022-05-05','2022-05-15','SEK','','','',0,10,'FVL','P',0,0,17650,14120,0,3530,'','',0,0,0,0,1,1,'2022-05-05 13.31.06.076','dontuivan',0,0,0,0,10.1),(695,1,73,69,202206011,0,'2022-06-01','2022-07-02','SEK','','Peter Stello','Andrei Brassas',0,30,'FVL','P',0,7,9457.48,9457.48,0,0,'','SPCS# 509',0,0,0,0,1,1,'2022-05-30 13.11.06.709','ask',0,690,0,0,10.52),(696,1,72,70,202206012,0,'2022-06-01','2022-08-01','SEK','','Rene Masson','Andrei Brassas',0,60,'FVL','P',0,7,19988,19988,0,0,'','SPCS# 510 Reminder sent',0,0,0,0,1,1,'2022-05-30 13.13.34.991','ask',0,691,0,0,10.52),(697,1,20,71,10133,0,'2022-06-01','2022-08-01','SEK','','Karl Utterback','Andrei Brassas',0,60,'FVL','P',0,7,24843.8,19875,0,4968.75,'','SPCS# 511',0,0,0,0,1,1,'2022-05-30 13.15.09.338','ask',0,692,0,0,10.1),(702,1,73,72,202207041,0,'2022-07-04','2022-08-04','SEK','','Peter Stello','Andrei Brassas',0,30,'FVL','P',0,7,9682.23,9682.23,0,0,'','SPCS# 513',0,0,0,0,1,1,'2022-07-04 12.25.58.114','ask',0,695,0,0,10.77),(703,1,72,73,202207042,0,'2022-07-04','2022-09-03','SEK','','Rene Masson','Andrei Brassas',0,60,'FVL','P',0,7,20463,20463,0,0,'','SPCS# 514',0,0,0,0,1,1,'2022-07-04 12.28.10.771','ask',0,696,0,0,10.77),(704,1,20,74,10134,0,'2022-07-04','2022-09-03','SEK','','Karl Utterback','Andrei Brassas',0,60,'FVL','P',0,7,24843.8,19875,0,4968.75,'','SPCS# 515',0,0,0,0,1,1,'2022-07-04 12.29.09.447','ask',0,697,0,0,10.1),(705,28,59,21,2022071001,0,'2022-07-19','2022-07-29','SEK','','','',0,10,'FVL','HAM',0,0,450,360,0,90,'','',0,0,0,0,1,1,'2022-07-19 10.23.31.059','dontuivan',0,0,0,0,10.1),(709,28,37,22,20220727,0,'2022-10-25','2022-11-24','SEK','','','',0,30,'FVL','HAM',0,0,950,760,0,190,'','',0,0,0,0,0,1,'2022-07-29 13.11.55.925','dontuivan',0,0,0,0,10.1),(711,1,73,75,202208021,0,'2022-08-02','2022-09-02','SEK','','Peter Stello','Andrei Brassas',0,30,'FVL','P',0,7,9349.6,9349.6,0,0,'','SPCS# 517',0,0,0,0,1,1,'2022-08-02 11.27.33.491','ask',0,702,0,0,10.4),(712,1,72,76,202208022,0,'2022-08-02','2022-10-02','SEK','','Rene Masson','Andrei Brassas',0,60,'FVL','P',0,7,19760,19760,0,0,'','SPCS# 518',0,0,0,0,1,1,'2022-08-02 11.28.27.259','ask',0,703,0,0,10.4),(713,1,20,77,10135,0,'2022-08-02','2022-10-02','SEK','','Karl Utterback','Andrei Brassas',0,60,'FVL','P',0,7,24843.8,19875,0,4968.75,'','SPCS# 519',0,0,0,0,1,1,'2022-08-02 11.30.05.832','ask',0,704,0,0,10.1),(717,1,73,78,202209021,0,'2022-09-02','2022-10-03','SEK','','Peter Stello','Andrei Brassas',0,30,'FVL','P',0,7,9664.25,9664.25,0,0,'','SPCS# 520',0,0,0,0,1,1,'2022-09-02 12.14.59.537','ask',0,711,0,0,10.75),(718,1,72,79,202209022,0,'2022-09-02','2022-11-02','SEK','','Rene Masson','Andrei Brassas',0,60,'FVL','P',0,7,20425,20425,0,0,'','SPCS# 521',0,0,0,0,1,1,'2022-09-02 12.16.23.246','ask',0,712,0,0,10.75),(719,1,20,80,10136,0,'2022-09-02','2022-11-02','SEK','','Karl Utterback','Andrei Brassas',0,60,'FVL','P',0,7,24843.8,19875,0,4968.75,'','SPCS# 522',0,0,0,0,1,1,'2022-09-02 12.17.32.143','ask',0,713,0,0,10.1),(725,1,73,81,202210101,0,'2022-10-10','2022-11-10','SEK','','Peter Stello','Andrei Brassas',0,30,'FVL','P',0,7,9799.1,9799.1,0,0,'','SPCS# 523',0,0,0,0,1,1,'2022-10-08 19.06.34.564','ask',0,717,0,0,10.9),(726,1,72,82,202210102,0,'2022-10-10','2022-12-10','SEK','','Rene Masson','Andrei Brassas',0,60,'FVL','P',0,7,20710,20710,0,0,'','SPCS# 524',0,0,0,0,1,1,'2022-10-08 19.08.03.250','ask',0,718,0,0,10.9),(727,1,20,83,10137,0,'2022-10-10','2022-12-10','SEK','','Karl Utterback','Andrei Brassas',0,60,'FVL','P',0,7,24843.8,19875,0,4968.75,'','SPCS# 525',0,0,0,0,1,1,'2022-10-08 19.09.10.519','ask',0,719,0,0,10.1),(728,1,20,84,10138,0,'2023-01-01','2023-02-01','SEK','','Karl Utterback','Andrei Brassas',0,30,'FVL','P',0,7,23187.5,18550,0,4637.5,'','SPCS# 532lnbrDet riktiga fakturadatumer 2022-11-01',0,0,0,0,1,1,'2022-10-31 10.36.04.738','ask',0,677,0,0,10.1),(729,1,20,85,10139,0,'2022-11-01','2023-01-01','SEK','','Karl Utterback','Andrei Brassas',0,60,'FVL','P',0,7,24843.8,19875,0,4968.75,'','SPCS# 526',0,0,0,0,1,1,'2022-11-01 15.39.51.123','ask',0,727,0,0,10.1),(730,1,73,86,202211011,0,'2022-11-01','2022-12-02','SEK','','Peter Stello','Andrei Brassas',0,30,'FVL','P',0,7,9799.1,9799.1,0,0,'','SPCS# 527',0,0,0,0,1,1,'2022-11-01 15.41.22.953','ask',0,725,0,0,10.9),(731,1,72,87,202211012,0,'2022-11-01','2023-01-01','SEK','','Rene Masson','Andrei Brassas',0,60,'FVL','P',0,7,20710,20710,0,0,'','SPCS# 528',0,0,0,0,1,1,'2022-11-01 15.42.46.109','ask',0,726,0,1,10.9),(732,28,37,23,20221101,0,'2022-11-08','2022-11-24','SEK','','','',0,15,'FVL','HAM',0,15,625,500,0,125,'','',0,0,0,0,1,1,'2022-11-08 09.36.49.651','dontuivan',0,0,0,1,10.1),(733,28,71,24,0,0,'2022-11-11','2022-11-27','SEK','','','',0,15,'FVL','HAM',0,15,900,720,0,180,'','',0,0,0,0,1,1,'2022-11-11 13.57.58.259','dontuivan',0,0,0,0,10.1),(734,34,97,42,365788017,0,'2021-12-10','2021-12-31','SEK','1295382','Bil-larsson i Trelleborg AB','Andrei Brassas',0,20,'FVL','HAM',0,7,90516,72412.8,0,18103.2,'','',0,0,0,0,0,0,'2022-11-15 15.38.08.821','demo',0,0,0,1,10.1),(735,1,20,88,10140,0,'2022-12-05','2023-02-04','SEK','','Karl Utterback','Andrei Brassas',0,60,'FVL','P',0,7,24843.8,19875,0,4968.75,'','SPCS# 529',0,0,0,0,1,1,'2022-12-03 08.47.22.177','ask',0,729,0,0,10.1),(736,1,73,89,202212051,0,'2022-12-05','2023-01-05','SEK','','Peter Stello','Andrei Brassas',0,30,'FVL','P',0,7,9799.1,9799.1,0,0,'','SPCS# 530',0,0,0,0,1,1,'2022-12-03 08.48.20.717','ask',0,730,0,0,10.9),(737,1,72,90,202212052,0,'2022-12-05','2023-02-04','SEK','','Rene Masson','Andrei Brassas',0,60,'FVL','P',0,7,20710,20710,0,0,'','SPCS# 531',0,0,0,0,1,1,'2022-12-03 08.49.14.496','ask',0,731,0,0,10.9),(740,1,20,91,10141,0,'2023-01-09','2023-03-11','SEK','','Karl Utterback','Andrei Brassas',0,60,'FVL','P',0,7,24843.8,19875,0,4968.75,'','SPCS# 533',0,0,0,0,1,1,'2023-01-08 18.13.41.089','ask',0,735,0,0,10.1),(741,1,73,92,202301081,0,'2023-01-09','2023-02-09','SEK','','Peter Stello','Andrei Brassas',0,30,'FVL','P',0,7,10059.8,10059.8,0,0,'','SPCS# 534',0,0,0,0,1,1,'2023-01-08 18.17.12.128','ask',0,736,0,0,11.19),(742,1,72,93,202301082,0,'2023-01-09','2023-03-11','SEK','','Rene Masson','Andrei Brassas',0,60,'FVL','P',0,7,21261,21261,0,0,'','SPCS# 535',0,0,0,0,1,1,'2023-01-08 18.18.57.608','ask',0,737,0,0,11.19),(746,1,20,94,10142,0,'2023-02-07','2023-04-09','SEK','','Karl Utterback','Andrei Brassas',0,60,'FVL','P',0,7,24843.8,19875,0,4968.75,'','SPCS# 536',0,0,0,0,1,1,'2023-02-07 13.43.47.558','ask',0,740,0,1,10.1),(747,1,73,95,202302071,0,'2023-02-07','2023-03-10','SEK','','Peter Stello','Andrei Brassas',0,30,'FVL','P',0,7,10230.6,10230.6,0,0,'','SPCS# 537',0,0,0,0,1,1,'2023-02-07 13.47.28.037','ask',0,741,0,0,11.38),(748,1,72,96,202302072,0,'2023-02-07','2023-04-09','SEK','','Rene Masson','Andrei Brassas',0,60,'FVL','P',0,7,21622,21622,0,0,'','SPCS# 538',0,0,0,0,1,1,'2023-02-07 13.49.02.540','ask',0,742,0,0,11.38),(752,1,20,97,10143,0,'2023-03-03','2023-05-03','SEK','','Karl Utterback','Andrei Brassas',0,60,'FVL','P',0,7,24843.8,19875,0,4968.75,'','SPCS# 539',0,0,0,0,0,1,'2023-02-27 09.15.02.041','ask',0,746,0,0,10.1),(753,1,73,98,202303011,0,'2023-03-03','2023-04-03','SEK','','Peter Stello','Andrei Brassas',0,30,'FVL','P',0,7,9960.92,9960.92,0,0,'','SPCS# 540',0,0,0,0,1,1,'2023-02-27 09.15.49.458','ask',0,747,0,0,11.08),(754,1,72,99,202303012,0,'2023-03-03','2023-05-03','SEK','','Rene Masson','Andrei Brassas',0,60,'FVL','P',0,7,21052,21052,0,0,'','SPCS# 541',0,0,0,0,0,1,'2023-02-27 09.16.22.417','ask',0,748,0,0,11.08),(755,21,105,9,1789,0,'2023-03-02','2023-04-02','SEK','2600062642','Sudhakar Reddy','Stanislav Brassas',0,30,'FVL','P',0,0,186012,186012,0,0,'','',0,0,0,0,0,0,'2023-02-28 13.27.42.959','andrej.brassas',0,0,0,1,10.1),(756,1,20,100,10144,0,'2023-04-01','2023-06-01','SEK','','Karl Utterback','Andrei Brassas',0,60,'FVL','P',0,7,24843.8,19875,0,4968.75,'','SPCS# 542',0,0,0,0,0,1,'2023-03-30 10.46.05.272','ask',0,752,0,0,10.1),(757,1,73,101,202304011,0,'2023-04-01','2023-05-02','SEK','','Peter Stello','Andrei Brassas',0,30,'FVL','P',0,7,10167.7,10167.7,0,0,'','SPCS# 543',0,0,0,0,0,1,'2023-03-30 10.47.03.592','ask',0,753,0,0,11.31),(758,1,72,102,202304022,0,'2023-04-01','2023-06-01','SEK','','Rene Masson','Andrei Brassas',0,60,'FVL','P',0,7,21489,21489,0,0,'','SPCS# 544',0,0,0,0,0,1,'2023-03-30 10.47.55.146','ask',0,754,0,0,11.31),(760,27,107,1,111,0,'2023-04-21','2023-04-26','SEK','','','Ricardas Nikontas',0,5,'FVL','P',0,15,58800,58800,0,0,'','',0,0,0,0,0,0,'2023-04-21 21.43.15.351','d.b.fasad.kakel',0,0,1,1,10.1);
/*!40000 ALTER TABLE `buh_faktura` ENABLE KEYS */;
UNLOCK TABLES;

--
-- Table structure for table `buh_faktura_artikel`
--

DROP TABLE IF EXISTS `buh_faktura_artikel`;
/*!40101 SET @saved_cs_client     = @@character_set_client */;
/*!40101 SET character_set_client = utf8 */;
CREATE TABLE `buh_faktura_artikel` (
  `artikelId` int(11) NOT NULL AUTO_INCREMENT,
  `kundId` int(11) NOT NULL,
  `pris` float DEFAULT 0,
  `namn` varchar(50) DEFAULT '',
  `artnr` varchar(50) DEFAULT '',
  `komment` varchar(500) DEFAULT '',
  `komment_b` varchar(500) DEFAULT '',
  `komment_c` varchar(500) DEFAULT '',
  `artikel_kategori` varchar(20) DEFAULT 'A',
  `date_created` varchar(30) DEFAULT 'no',
  PRIMARY KEY (`artikelId`),
  KEY `kundId` (`kundId`),
  CONSTRAINT `buh_faktura_artikel_ibfk_1` FOREIGN KEY (`kundId`) REFERENCES `buh_kund` (`kundId`)
) ENGINE=InnoDB AUTO_INCREMENT=223 DEFAULT CHARSET=utf8;
/*!40101 SET character_set_client = @saved_cs_client */;

--
-- Dumping data for table `buh_faktura_artikel`
--

LOCK TABLES `buh_faktura_artikel` WRITE;
/*!40000 ALTER TABLE `buh_faktura_artikel` DISABLE KEYS */;
INSERT INTO `buh_faktura_artikel` VALUES (7,2,0,'bajo','','','','','A','no'),(8,2,0,'sabel','','','','','A','no'),(75,26,999,'kosultation','1','','','','A','no'),(76,26,600,'bokforing','2','','','','A','no'),(78,1,19875,'Service support basic contract','','','','','A','no'),(85,28,1440,'Petlas 2754020','3','','','','A','no'),(86,28,300,'Forvaring','1','','','','A','no'),(87,28,0,'MasterSteel','4','','','','A','no'),(88,28,0,'Landsail ','5','','','','A','no'),(89,28,450,'Hjulskifte  Buss','1 ','','','','A','no'),(90,28,0,'RoadHog','6','','','','A','no'),(91,28,0,'Tyfoon','7','','','','A','no'),(111,29,3,'spik','','','','','A','no'),(112,29,5,'skruv','','','','','A','no'),(113,28,250,'Hjulskifte  Bill','1  ','','','','A','no'),(114,28,250,'ARBETE','','','','','B','no'),(115,28,50,'VENTILE','ST','','','','A','no'),(117,29,99,'hammare','','','','','A','no'),(118,29,399,'skruvdragare','','','','','A','no'),(119,29,300,'arbetskostnad','','aa¤ bb¤ cc','','','B','no'),(120,29,6544,'byggnadsmaterial','','','','','B','no'),(121,29,544,'millersättning','','','','','B','no'),(123,29,69800,'traktor honda','','','','','MOMS 12%','no'),(124,29,57899,'traktor suzuki','','','','','MOMS 0%','no'),(125,29,19855,'moped yamaha','','','','','F','no'),(126,29,36799,'moped bmw','','','','','F','no'),(127,29,29589,'moped vw','','','','','A','no'),(128,29,29,'dill chips olw','','','','','C','no'),(129,29,34.9,'grill chips olw','','','','','C','no'),(130,29,49.9,'ekologiska gårds chips','','','','','C','no'),(131,29,25,'ost macka','','färsk','getost','','C','no'),(132,29,10,'cola 0.33 burk¤ liten','','utlands import','','','C','no'),(133,29,10,'fanta 0.33 burk','05.345.901','','','','C','no'),(134,29,19,'pepsi 0.5 flaska','','','','','C','no'),(144,28,300,'DACK HJULSKFTE ','8','','','','A','no'),(146,34,575,'golv skydd 900 x 1200','','mjuka golv','','','A','no'),(147,34,475,'golv skydd 1200 x 1500','','hårda golv','','','A','no'),(148,34,349,'A4-Panel¤ blå','','10 pack','Pärmar','','A','no'),(149,34,179,'Bordsuttag usb','','vit','','','A','no'),(150,34,825,'Bokhylla Plexus','','925x760x415','','','A','no'),(151,34,1995,'Pärmvagn¤ 16 pärmar','','krom','','','A','no'),(152,34,2195,'Pärmvagn¤ 24 pärmar','','svart/körsbär','','','A','no'),(153,34,180,'Pedalhink Pranklin','','rostfri','12 liter','','A','no'),(154,34,615,'Stol SAWE¤ röd','','högtryckslaminat','','','A','no'),(155,34,79,'Handdesinfektion¤ gelform¤ 0.5 L ','143792','Alkoholfri','','','A','no'),(156,34,39,'Bordsuttag usb beg','','beige','','','MOMS 0%','no'),(157,34,565,'Klämskydd för innerdörrar¤ 40 mm','381101','bredd 75mm','','','A','no'),(158,34,2295,'Skyddsgrind¤ 935-1330 mm','381219','trä','vit','','A','no'),(159,34,225,'Klädhängare FLORIA','142790','Mörkgrå','','','A','no'),(160,34,160,'Magnettejp¤ 25mm¤ vit ','','','','','A','no'),(161,34,295,'Magnettejp¤ 50 mm¤ vit ','230622','vinylbeklädd','','','A','no'),(162,34,39,'Skylt¤ brandsläckare¤ självhäftande','306203','100 x 100','','','A','no'),(163,34,29,'Skylt¤ första hjälpen¤ självhäftande','106239','100 x 100','','','A','no'),(164,34,39,'Skylt¤ nödutgång höger¤ självhäftande ','306231','100 x 100','','','A','no'),(165,34,49,'Skylt¤ återsamlingsplats¤ självhäftande polyester','306232','100 x 100','','','A','no'),(166,34,75,'Plastback 12 liter','26653','400 x 300 x 145','','','A','no'),(167,34,2790,'Glasskrivtavla SELLA',' 3803517','1500 x 1000','','','A','no'),(168,34,550,'Stol DANTE','362855','310 mm','röd laminat','','A','no'),(169,34,1395,'Tvättvagn¤ hopfällbar',' 17420','beige','blå','','A','no'),(170,34,2295,'Nätkorgsvagn vit ','231519','','','','A','no'),(171,34,1795,'Tvättvagn¤ Electrolux','17421','vit','aluminium','2kg','A','no'),(178,1,3794,'Service support¤ basic contract','','for Compounds AG','Currency EUR','','MOMS 0%','no'),(180,34,829,'Stol SAWE¤ gul','','','','','A','no'),(181,40,199,'pall¤ ek¤ brun','','polsk trä','','','A','no'),(182,40,149,'pall¤ plast','','tillverkingsland litauen','','','A','no'),(183,34,300,'A arbetskostnad','','','','','A','no'),(184,34,6544,'A materialkostnad','','','','','A','no'),(185,34,544,'A millersättning','','','','','A','no'),(187,41,1200,'grund service olj~filter','','','','','A','no'),(188,41,1000,'Bromsvätska Byte','','','','','A','no'),(189,1,36000,'MIXER AI CONTROL SYSTEM','','This was especially for Kobelco','','','MOMS 0%','no'),(198,28,2480,'Pirelli','235-50R19','','','','A','no'),(201,1,36000,'ADDITIONAL ITEMS','','','','','MOMS 0%','2022-02-10 19.07.49.353'),(203,28,0,'DÄCK M/S','','','','','A','2022-04-22 09.41.13.770'),(204,28,0,'RIMS','','','','','A','2022-05-05 13.23.46.586'),(205,28,0,'TPMS','','','','','A','2022-05-05 13.31.28.225'),(207,34,72412.8,'HONDA CIVIC 4DR¤ YTK176','','Mörk grå','','','B','2022-11-15 15.36.19.138'),(214,21,18417,'Downpayment (3 lines) and 1 st line installation','','','','','MOMS 0%','2023-02-28 13.25.48.262'),(215,21,0,'Pending items#','','','','','A','2023-03-01 20.24.47.141'),(216,21,0,'1st line comissioning','','','','','A','2023-03-01 20.25.32.281'),(217,21,0,'2nd line installation','','','','','A','2023-03-01 20.26.10.758'),(218,21,0,'2nd and 3nd line comissioning','','','','','A','2023-03-01 21.07.27.695'),(219,21,0,'1st line submission of PBG valid','','','','','A','2023-03-01 21.08.55.792'),(220,21,0,'2nd and 3nd line submission of PBG valid','','','','','A','2023-03-01 21.09.57.040'),(221,21,0,'3nd line installation','','','','','A','2023-03-01 21.11.19.114'),(222,27,350,'Magasinsgatan 3 Åstorp','8','','','','A','no');
/*!40000 ALTER TABLE `buh_faktura_artikel` ENABLE KEYS */;
UNLOCK TABLES;

--
-- Table structure for table `buh_faktura_inbet`
--

DROP TABLE IF EXISTS `buh_faktura_inbet`;
/*!40101 SET @saved_cs_client     = @@character_set_client */;
/*!40101 SET character_set_client = utf8 */;
CREATE TABLE `buh_faktura_inbet` (
  `inbetId` int(11) NOT NULL AUTO_INCREMENT,
  `kundId` int(11) NOT NULL,
  `fakturaId` int(11) NOT NULL,
  `inbetald` float DEFAULT 0,
  `betal_metod` varchar(20) DEFAULT '',
  `betal_datum` varchar(10) DEFAULT curdate(),
  `annat` varchar(50) DEFAULT '',
  `done_by` varchar(100) DEFAULT '',
  PRIMARY KEY (`inbetId`),
  KEY `fakturaId` (`fakturaId`),
  KEY `kundId` (`kundId`),
  CONSTRAINT `buh_faktura_inbet_ibfk_1` FOREIGN KEY (`fakturaId`) REFERENCES `buh_faktura` (`fakturaId`),
  CONSTRAINT `buh_faktura_inbet_ibfk_2` FOREIGN KEY (`kundId`) REFERENCES `buh_kund` (`kundId`)
) ENGINE=InnoDB AUTO_INCREMENT=245 DEFAULT CHARSET=utf8;
/*!40101 SET character_set_client = @saved_cs_client */;

--
-- Dumping data for table `buh_faktura_inbet`
--

LOCK TABLES `buh_faktura_inbet` WRITE;
/*!40000 ALTER TABLE `buh_faktura_inbet` DISABLE KEYS */;
INSERT INTO `buh_faktura_inbet` VALUES (13,26,315,500,'ko','2020-10-28','del bet¤ nasta','verblina07'),(15,26,315,1700,'bg','2020-10-28','','verblina07'),(16,26,318,750,'ko','2020-10-28','','verblina07'),(18,28,343,4500,'bg','2020-12-09','','info'),(19,28,342,7500,'bg','2020-12-21','','info'),(21,28,341,11900,'bg','2021-01-05','','info'),(22,1,329,24857.5,'bg','2021-02-03','','ask'),(25,1,339,24857.5,'bg','2021-03-02','','ask'),(28,1,389,24857.5,'bg','2021-04-06','','ask'),(29,1,404,24858.8,'bg','2021-04-06','','ask'),(30,1,405,26500,'bg','2021-04-06','','ask'),(33,29,422,63235,'bg','2021-05-16','','exempel'),(34,29,455,6473.75,'bg','2021-05-17','','exempel'),(47,1,418,24858.8,'bg','2021-05-19','','ask'),(48,29,457,5955,'bg','2021-05-19','','exempel'),(49,29,458,12692.5,'bg','2021-05-19','','exempel'),(50,29,459,39500,'bg','2021-05-19','','exempel'),(51,29,460,5000,'bg','2021-05-19','','exempel'),(52,29,460,3223.75,'bg','2021-05-19','','exempel'),(53,29,461,37085,'bg','2021-05-19','','exempel'),(54,29,436,34499.1,'bg','2021-05-19','','exempel'),(55,29,439,27375,'bg','2021-05-19','','exempel'),(56,29,484,21450,'bg','2021-05-28','','exempel'),(73,1,420,24858.8,'bg','2021-06-04','','ask'),(87,28,431,9200,'bg','2021-06-11','','info'),(88,28,495,1500,'kt','2021-06-11','','info'),(93,1,435,24843.8,'bg','2021-07-13','','ask'),(99,1,494,24843.8,'bg','2021-08-05','','ask'),(101,1,496,9079.9,'bg','2021-08-09','','ask'),(102,1,498,19190,'bg','2021-08-09','','ask'),(103,1,497,38319.4,'bg','2021-08-09','','ask'),(104,1,499,9079.9,'bg','2021-08-09','','ask'),(105,1,501,38319.4,'bg','2021-08-09','','ask'),(106,1,510,38319.4,'bg','2021-08-09','','ask'),(107,1,508,9079.9,'bg','2021-08-09','','ask'),(112,29,524,8787,'bg','2021-08-14','','exempel'),(113,1,500,19190,'bg','2021-08-16','','ask'),(114,34,530,22390.6,'bg','2021-08-26','','demo'),(115,34,528,26817.5,'bg','2021-08-31','','demo'),(116,34,535,16081.2,'bg','2021-09-02','','demo'),(118,34,542,11482.5,'bg','2021-09-03','','demo'),(119,34,578,46922.5,'bg','2021-09-04','','demo'),(120,28,502,5750,'bg','2021-09-06','','info'),(121,1,507,24843.8,'bg','2021-09-06','','ask'),(122,34,594,26306.2,'ko','2021-09-08','','demo'),(123,1,515,38736.7,'bg','2021-09-14','','ask'),(124,1,514,9178.79,'bg','2021-09-21','','ask'),(126,28,503,750,'bg','2021-09-30','','info'),(128,1,511,19190,'bg','2021-10-06','','ask'),(135,1,513,24843.8,'bg','2021-10-14','','ask'),(136,1,565,9161.71,'bg','2021-10-14','','ask'),(137,1,566,38660.9,'bg','2021-10-14','','ask'),(138,1,516,19399,'bg','2021-10-26','','ask'),(140,1,564,24843.8,'bg','2021-11-05','','ask'),(141,1,620,9160.81,'bg','2021-11-05','','ask'),(143,28,642,2000,'bg','2021-11-22','','info'),(147,1,623,363600,'bg','2021-11-24','','ask'),(148,1,621,38660.9,'bg','2021-11-26','','ask'),(149,1,631,8884.37,'bg','2021-12-02','','ask'),(152,28,616,33493.8,'bg','2021-12-06','','info'),(153,28,629,2500,'bg','2021-12-07','','info'),(154,28,648,6400,'bg','2021-12-07','','info'),(155,1,619,24843.8,'bg','2021-12-08','','ask'),(156,1,632,37494.2,'bg','2021-12-08','','ask'),(157,1,622,19361,'bg','2021-12-08','','ask'),(160,28,651,6000,'bg','2021-12-21','','info'),(161,28,649,2875,'bg','2021-12-21','','info'),(162,28,652,12400,'bg','2021-12-21','','info'),(165,1,646,39078.2,'bg','2021-12-31','','ask'),(167,1,630,24843.8,'bg','2022-01-06','','ask'),(168,1,645,9259.7,'bg','2022-01-06','','ask'),(169,1,567,19361,'bg','2022-01-13','','ask'),(170,1,633,18776.8,'bg','2022-01-13','','ask'),(171,1,644,24843.8,'bg','2022-02-02','','ask'),(172,1,647,19570,'bg','2022-02-14','','ask'),(174,1,655,9259.7,'bg','2022-02-21','','ask'),(175,1,658,38698.8,'bg','2022-03-01','','ask'),(176,1,665,9385.56,'bg','2022-03-02','','ask'),(177,1,667,39609.4,'bg','2022-03-21','','ask'),(178,1,654,24843.8,'bg','2022-03-21','','ask'),(179,28,676,21718.8,'bg','2022-03-24','','info'),(180,1,656,19570,'bg','2022-04-01','','ask'),(181,1,673,9574.35,'bg','2022-04-01','','ask'),(182,1,675,40406.1,'bg','2022-04-01','','ask'),(183,1,664,24843.8,'bg','2022-04-14','','ask'),(184,28,653,687.5,'bg','2022-04-22','','dontuivan'),(185,1,666,19836,'bg','2022-05-02','','ask'),(186,1,672,24843.8,'bg','2022-05-05','','ask'),(187,1,679,9322.63,'bg','2022-05-05','','ask'),(188,28,686,5000,'bg','2022-05-05','','dontuivan'),(189,28,684,4125,'bg','2022-05-05','','dontuivan'),(190,1,670,374400,'bg','2022-05-30','','ask'),(191,1,674,20235,'bg','2022-05-30','','ask'),(192,1,690,9349.6,'bg','2022-06-01','','ask'),(193,28,693,17650,'bg','2022-06-09','','dontuivan'),(194,1,681,24843.8,'bg','2022-07-04','','ask'),(195,1,680,19703,'bg','2022-07-04','','ask'),(196,1,695,9457.48,'bg','2022-08-02','','ask'),(197,1,692,24843.8,'bg','2022-08-02','','ask'),(198,1,691,19760,'bg','2022-08-02','','ask'),(200,1,697,24843.8,'bg','2022-08-16','','ask'),(201,1,702,9682.23,'bg','2022-08-16','','ask'),(206,1,711,9349.6,'bg','2022-09-02','','ask'),(207,1,696,19988,'bg','2022-09-02','','ask'),(214,1,704,24843.8,'bg','2022-09-30','','ask'),(215,1,713,24843.8,'bg','2022-10-12','','ask'),(216,1,717,9664.25,'bg','2022-10-12','','ask'),(217,28,705,450,'bg','2022-10-25','','dontuivan'),(218,1,703,20463,'bg','2022-11-01','','ask'),(219,1,712,19760,'bg','2022-11-01','','ask'),(220,28,733,900,'bg','2022-11-24','221122','dontuivan'),(221,28,732,625,'bg','2022-11-24','241122','dontuivan'),(222,1,719,24843.8,'bg','2022-12-03','','ask'),(223,1,725,9799.1,'bg','2022-12-03','','ask'),(224,1,727,24843.8,'bg','2022-12-14','','ask'),(225,1,718,20425,'bg','2022-12-14','','ask'),(226,1,726,20710,'bg','2022-12-14','','ask'),(231,1,730,9799.1,'bg','2023-01-08','','ask'),(232,1,728,23187.5,'bg','2023-01-08','','ask'),(233,1,729,24843.8,'bg','2023-01-08','','ask'),(234,1,736,9799.1,'bg','2023-01-10','','ask'),(235,1,731,20710,'bg','2023-02-07','','ask'),(236,1,735,24843.8,'bg','2023-03-03','','ask'),(237,1,741,10059.8,'bg','2023-03-03','','ask'),(238,1,737,20710,'bg','2023-03-03','','ask'),(239,1,747,10230.6,'bg','2023-03-20','','ask'),(240,1,740,24843.8,'bg','2023-03-20','','ask'),(241,1,742,21261,'bg','2023-03-30','','ask'),(242,1,753,9960.92,'bg','2023-04-10','','ask'),(243,1,746,24843.8,'bg','2023-04-11','','ask'),(244,1,748,21622,'bg','2023-04-12','','ask');
/*!40000 ALTER TABLE `buh_faktura_inbet` ENABLE KEYS */;
UNLOCK TABLES;

--
-- Table structure for table `buh_faktura_kund`
--

DROP TABLE IF EXISTS `buh_faktura_kund`;
/*!40101 SET @saved_cs_client     = @@character_set_client */;
/*!40101 SET character_set_client = utf8 */;
CREATE TABLE `buh_faktura_kund` (
  `fakturaKundId` int(11) NOT NULL AUTO_INCREMENT,
  `kundId` int(11) NOT NULL,
  `kundnr` int(11) NOT NULL,
  `namn` varchar(150) NOT NULL,
  `orgnr` varchar(30) DEFAULT '',
  `vatnr` varchar(30) DEFAULT '',
  `email` varchar(320) DEFAULT '',
  `kund_kategori` varchar(20) DEFAULT 'A',
  `is_person` tinyint(1) DEFAULT 0,
  `date_created` varchar(30) DEFAULT 'no',
  PRIMARY KEY (`fakturaKundId`),
  KEY `kundId` (`kundId`),
  CONSTRAINT `buh_faktura_kund_ibfk_1` FOREIGN KEY (`kundId`) REFERENCES `buh_kund` (`kundId`)
) ENGINE=InnoDB AUTO_INCREMENT=109 DEFAULT CHARSET=utf8;
/*!40101 SET character_set_client = @saved_cs_client */;

--
-- Dumping data for table `buh_faktura_kund`
--

LOCK TABLES `buh_faktura_kund` WRITE;
/*!40000 ALTER TABLE `buh_faktura_kund` DISABLE KEYS */;
INSERT INTO `buh_faktura_kund` VALUES (6,2,1,'Jan-Ole Nyland','','','','A',0,'2020-09-26 15.41.24.524'),(20,1,5,'Trelleborg Industri AB - TCS','556251-6899','SE556251689901','Trelleborg.TINDTCS@bscs.basware.com','A',0,'2020-10-06 15.45.35.453'),(34,26,1,'Plusway AB','559038-1959','SE559038195901','verblina07@yahoo.se','C',0,'2020-10-28 17.55.41.822'),(37,28,1,'EMG Energimontagegruppen AB','556951-8144','SE556951814401','inbox.lev.981931@arkivplats.se','A',0,'2020-11-02 13.57.45.405'),(41,28,2,'Magnus Mansson','741115-3997','197411153997','mnssonmagnus@gmail.com','B',0,'2020-12-03 11.27.10.138'),(45,1,6,'Andrei Brassas','850131-0737','','andrej.brassas@gmail.com','P',1,'2020-12-26 22.14.26.750'),(58,29,1,'DIN BYGGARE AB','556251-1425','SE556251142501','info@bygg.se','A',0,'2021-02-24 14.09.18.561'),(59,28,3,'Skånes Djurpark Resort AB','556985-3376','SE556985337601','faktura@skanesdjurpark.nu','A',0,'2021-03-15 09.55.24.701'),(60,28,4,'Värhuset AB','559176-3643','SE559176364301','bilfrakt245@hotmail.com','A',0,'2021-03-22 10.28.58.926'),(62,29,2,'Johan Andersson','800115-7777','','ja@gmail.com','P',1,'2021-04-13 11.30.00.281'),(63,28,5,'REIPAL AB','556330-8419','','info@reipal.se','A',0,'2021-04-14 14.59.52.429'),(64,29,3,'Henrik Johansson','850129-9988','','henke@hotmail.se','P',1,'2021-05-03 16.08.11.140'),(65,29,4,'Anders Håkansson','720214-7744','','ah@gmail.com','P',1,'2021-05-04 12.42.13.781'),(66,29,5,'Mat och dryck AB','556251-8999','SE556251899901','info@mat.se','B',0,'2021-05-19 16.51.07.852'),(67,29,6,'LOTHAR GmbH','556251-8889','SE556251888901','lalas@la.se','EU EUR',0,'2021-05-24 14.55.22.548'),(68,29,7,'Ake Båkesson','850131-0789','','ab@hotmail.com','P',1,'2021-05-24 15.31.20.186'),(71,28,6,'P/lundgrens Entreprenad AB','556973-6308','SE556973630801','lundgrensentreprenad@hotmail.com','A',0,'2021-06-11 09.49.35.818'),(72,1,7,'Trico Belgium SA','','BE0451868065','auba.ap@trico-group.com','EU EUR',0,'2021-06-14 12.13.10.046'),(73,1,8,'QEW','','NL852895902B01','invoices@qewrubber.com','EU EUR',0,'2021-06-14 12.13.30.562'),(74,1,9,'Compounds AG','','','buchhaltung@compounds.ch','UTL EUR',0,'2021-06-14 12.13.47.234'),(75,34,1,'LK Konsult AB','556257-8891','SE556257889101','info@lk.se','A',0,'2021-08-18 19.38.51.101'),(76,34,2,'Skåne Bygg AB','577811-9982','SE577811998201','info@sb.se','A',0,'2021-08-18 21.09.54.939'),(77,34,3,'Bra Bil AB','556432-2998','SE556432299801','bb@info.se','A',0,'2021-08-19 20.56.35.183'),(78,34,4,'Peter Hansson','800130-8977','','p.hansson@yahoo.com','P',1,'2021-08-20 09.11.02.625'),(82,34,5,'Ekonomi Konsult AB','556231-4563','SE556231456301','ek@info.se','A',0,'2021-08-26 09.59.52.343'),(84,34,6,'Städpågar i Skåne AB','788321-9892','SE788321989201','ss@info.se','A',0,'2021-08-26 20.44.40.799'),(85,40,1,'Frukt och Grönt AB','556241-7854','SE556241785401','fg@info.se','A',0,'2021-09-03 11.39.15.424'),(86,40,2,'Henrik Johansson','850131-9987','','hj@hotmail.com','P',1,'2021-09-03 11.48.57.589'),(87,34,7,'Städkonsulter AB','556241-8896','SE556241889601','sd@info.se','A',0,'2021-09-03 15.41.53.586'),(88,34,8,'Reclam and Print AG','587979-7852','SE587979785201','rt@info.se','EU EUR',0,'2021-09-03 15.56.35.609'),(89,41,1,'Optimum bil AB','559252-9837','SE559252983701','','A',0,'2021-10-03 17.35.12.127'),(90,1,10,'Kobe Steel. Ltd','','','taniwaki.aya@kobelco.com','UTL EUR',0,'2021-10-06 12.07.11.890'),(91,42,1,'Öresunds Fasad~Kakel AB','556812-2096','SE556812209601','invoicr@oresundsfasad.se','A',0,'2021-11-20 20.13.15.982'),(92,28,7,'MODUL ~ bYGGSERVICE I SKÅNE AB','559061-5976','5590615976','MICKE@MODULBYGGAB.SE','A',0,'2021-11-29 15.25.01.423'),(93,28,8,'Skånsk Värmebild AB','556714-9397','SE556714939701','daniel@ellenergi.se','A',0,'2021-12-07 13.36.14.708'),(95,1,11,'Iouri Chouster','660606-1312','','iouri.chouster@gmail.com','P',1,'2022-07-27 17.10.57.677'),(96,28,9,'Fredrik Larsson','','','wilwil1517@gmail.com','A',0,'2022-10-25 15.54.11.459'),(97,34,9,'Andrei Brassas','850131-0737','','andrej.brassas@gmail.com','P',1,'2022-11-15 15.34.08.861'),(104,27,1,'Nordic Separation Experts AB','559222-4793','','d.b.fasad.kakel@gmail.com','P',1,'2023-02-13 10.02.07.459'),(105,21,6,'CEAT Limited','','27AAACC1645G2ZY','info@ceat.in','UTL EUR',0,'2023-02-28 13.22.12.408'),(107,27,2,'Dezign Hus AB','556734-7611','SE556734761101','malisa.kukulovic@dezignhus.se','A',0,'2023-04-21 21.37.42.687'),(108,21,7,'Test localhost','556251-6806','SE556251680601','localhost@email.com','A',0,'2023-04-25 17.58.24.432');
/*!40000 ALTER TABLE `buh_faktura_kund` ENABLE KEYS */;
UNLOCK TABLES;

--
-- Table structure for table `buh_faktura_rut`
--

DROP TABLE IF EXISTS `buh_faktura_rut`;
/*!40101 SET @saved_cs_client     = @@character_set_client */;
/*!40101 SET character_set_client = utf8 */;
CREATE TABLE `buh_faktura_rut` (
  `rutId` int(11) NOT NULL AUTO_INCREMENT,
  `kundId` int(11) NOT NULL,
  `fakturaId` int(11) NOT NULL,
  `skattereduktion` float DEFAULT 0,
  `fastighets_beteckning` varchar(100) DEFAULT '',
  `date_created` varchar(30) DEFAULT 'no',
  PRIMARY KEY (`rutId`),
  KEY `kundId` (`kundId`),
  KEY `fakturaId` (`fakturaId`),
  CONSTRAINT `buh_faktura_rut_ibfk_1` FOREIGN KEY (`kundId`) REFERENCES `buh_kund` (`kundId`),
  CONSTRAINT `buh_faktura_rut_ibfk_2` FOREIGN KEY (`fakturaId`) REFERENCES `buh_faktura` (`fakturaId`)
) ENGINE=InnoDB AUTO_INCREMENT=41 DEFAULT CHARSET=utf8;
/*!40101 SET character_set_client = @saved_cs_client */;

--
-- Dumping data for table `buh_faktura_rut`
--

LOCK TABLES `buh_faktura_rut` WRITE;
/*!40000 ALTER TABLE `buh_faktura_rut` DISABLE KEYS */;
INSERT INTO `buh_faktura_rut` VALUES (29,29,422,16312.5,'Marevik 23#1','2021-04-13 11.54.22.796'),(31,29,434,16312.5,'sonarp','2021-04-30 14.47.54.187'),(32,34,534,16312.5,'sonarp# 8917','2021-08-20 09.16.10.906'),(34,40,576,16312.5,'sonarp 2546','2021-09-03 11.52.41.601'),(35,40,577,27187.5,'sonarp 9876','2021-09-03 11.56.28.113'),(36,34,578,16312.5,'Sonarp 20458','2021-09-03 14.25.46.968'),(38,29,626,16312.5,'sonarp','2021-10-20 12.01.11.359'),(40,29,628,19305,'aa','2021-10-20 16.20.43.140');
/*!40000 ALTER TABLE `buh_faktura_rut` ENABLE KEYS */;
UNLOCK TABLES;

--
-- Table structure for table `buh_faktura_rut_person`
--

DROP TABLE IF EXISTS `buh_faktura_rut_person`;
/*!40101 SET @saved_cs_client     = @@character_set_client */;
/*!40101 SET character_set_client = utf8 */;
CREATE TABLE `buh_faktura_rut_person` (
  `personId` int(11) NOT NULL AUTO_INCREMENT,
  `rutId` int(11) NOT NULL,
  `kundId` int(11) NOT NULL,
  `fakturaId` int(11) NOT NULL,
  `namn` varchar(50) DEFAULT '',
  `efternamn` varchar(50) DEFAULT '',
  `pnr` varchar(50) DEFAULT '',
  `skattereduktion` float DEFAULT 0,
  PRIMARY KEY (`personId`),
  KEY `kundId` (`kundId`),
  KEY `rutId` (`rutId`),
  CONSTRAINT `buh_faktura_rut_person_ibfk_1` FOREIGN KEY (`kundId`) REFERENCES `buh_kund` (`kundId`),
  CONSTRAINT `buh_faktura_rut_person_ibfk_2` FOREIGN KEY (`rutId`) REFERENCES `buh_faktura_rut` (`rutId`)
) ENGINE=InnoDB AUTO_INCREMENT=49 DEFAULT CHARSET=utf8;
/*!40101 SET character_set_client = @saved_cs_client */;

--
-- Dumping data for table `buh_faktura_rut_person`
--

LOCK TABLES `buh_faktura_rut_person` WRITE;
/*!40000 ALTER TABLE `buh_faktura_rut_person` DISABLE KEYS */;
INSERT INTO `buh_faktura_rut_person` VALUES (31,29,29,422,'Johan','Andersson','800315-7878',16312.5),(33,31,29,434,'Johan','Andersson','800115-7777',16312.5),(34,32,34,534,'Peter','Hansson','800130-8977',16312.5),(36,34,40,576,'Henrik','Johansson','850131-9987',16312.5),(37,35,40,577,'Henrik','Johansson','850131-9987',27187.5),(38,36,34,578,'Peter','Hansson','800130-8977',8156.25),(39,36,34,578,'Johana','Johansson','850130-4555',8156.25),(41,38,29,626,'Ake','Båkesson','850131-0789',8156.25),(42,38,29,626,'Jake','Bake','890131-4252',8156.25),(46,40,29,628,'Ake','Båkesson','850131-0789',6435),(47,40,29,628,'Jake','Bake','232323-2222',6435),(48,40,29,628,'Skake ','Jueke','123423-2223',6435);
/*!40000 ALTER TABLE `buh_faktura_rut_person` ENABLE KEYS */;
UNLOCK TABLES;

--
-- Table structure for table `buh_faktura_send`
--

DROP TABLE IF EXISTS `buh_faktura_send`;
/*!40101 SET @saved_cs_client     = @@character_set_client */;
/*!40101 SET character_set_client = utf8 */;
CREATE TABLE `buh_faktura_send` (
  `sendId` int(11) NOT NULL AUTO_INCREMENT,
  `kundId` int(11) NOT NULL,
  `fakturaId` int(11) NOT NULL,
  `send_type` int(11) DEFAULT 0,
  `send_ok` int(11) DEFAULT 0,
  `send_datum` varchar(10) DEFAULT curdate(),
  `annat` varchar(50) DEFAULT '',
  `done_by` varchar(100) DEFAULT '',
  PRIMARY KEY (`sendId`),
  KEY `fakturaId` (`fakturaId`),
  KEY `kundId` (`kundId`),
  CONSTRAINT `buh_faktura_send_ibfk_1` FOREIGN KEY (`fakturaId`) REFERENCES `buh_faktura` (`fakturaId`),
  CONSTRAINT `buh_faktura_send_ibfk_2` FOREIGN KEY (`kundId`) REFERENCES `buh_kund` (`kundId`)
) ENGINE=InnoDB AUTO_INCREMENT=1551 DEFAULT CHARSET=utf8;
/*!40101 SET character_set_client = @saved_cs_client */;

--
-- Dumping data for table `buh_faktura_send`
--

LOCK TABLES `buh_faktura_send` WRITE;
/*!40000 ALTER TABLE `buh_faktura_send` DISABLE KEYS */;
INSERT INTO `buh_faktura_send` VALUES (121,26,315,0,5,'2020-10-28','','verblina07'),(122,26,315,0,1,'2020-10-28','','verblina07'),(123,26,316,0,5,'2020-10-28','','verblina07'),(124,26,316,0,7,'2020-10-28','','verblina07'),(125,26,317,0,5,'2020-10-28','','verblina07'),(126,26,317,1,6,'2020-10-28','','verblina07'),(127,26,317,1,6,'2020-10-28','','verblina07'),(128,26,317,1,6,'2020-10-28','','verblina07'),(129,26,317,1,6,'2020-10-28','','verblina07'),(130,26,317,0,6,'2020-10-28','','verblina07'),(131,26,318,0,5,'2020-10-28','','verblina07'),(132,26,318,0,3,'2020-10-28','','verblina07'),(133,26,317,0,4,'2020-10-28','','verblina07'),(134,26,319,0,5,'2020-10-28','','verblina07'),(148,26,323,0,5,'2020-10-29','','verblina07'),(156,1,329,0,5,'2020-11-03','','ask'),(157,1,329,0,3,'2020-11-03','','ask'),(158,1,329,0,3,'2020-11-03','','ask'),(175,1,329,0,3,'2020-11-10','','ask'),(177,1,329,0,4,'2020-12-02','','ask'),(178,1,339,0,5,'2020-12-02','','ask'),(179,1,329,0,7,'2020-12-02','','ask'),(180,1,339,0,3,'2020-12-02','','ask'),(181,1,339,0,3,'2020-12-02','','ask'),(182,1,339,0,3,'2020-12-02','','ask'),(183,1,329,0,2,'2020-12-02','','ask'),(184,1,339,0,7,'2020-12-02','','ask'),(185,1,339,0,4,'2020-12-02','','ask'),(190,28,341,0,5,'2020-12-04','','info'),(191,28,342,0,5,'2020-12-04','','info'),(192,28,343,0,5,'2020-12-04','','info'),(193,1,339,0,3,'2020-12-04','','ask'),(194,1,329,0,2,'2020-12-07','','ask'),(195,28,341,0,3,'2020-12-11','','info'),(196,28,341,0,1,'2020-12-11','','info'),(199,2,119,0,3,'2020-12-18','','alex_breicht'),(200,2,174,0,3,'2020-12-18','','alex_breicht'),(228,1,339,0,4,'2020-12-29','','ask'),(254,1,339,0,4,'2020-12-30','','ask'),(255,1,389,0,5,'2020-12-30','','ask'),(256,1,389,0,3,'2020-12-30','','ask'),(272,1,389,0,4,'2021-02-03','','ask'),(273,1,404,0,5,'2021-02-03','','ask'),(274,1,404,0,3,'2021-02-03','','ask'),(275,1,405,0,5,'2021-02-03','','ask'),(276,1,405,0,3,'2021-02-03','','ask'),(277,1,405,0,0,'2021-02-09','','ask'),(279,1,405,0,1,'2021-02-09','','ask'),(280,1,404,0,1,'2021-02-09','','ask'),(283,1,329,0,1,'2021-02-12','','ask'),(284,1,329,0,1,'2021-02-12','','ask'),(285,1,339,0,1,'2021-02-12','','ask'),(286,1,339,1,1,'2021-02-12','','ask'),(287,1,329,0,0,'2021-02-15','','ask'),(288,1,329,0,0,'2021-02-15','','ask'),(289,1,329,0,1,'2021-02-15','','ask'),(290,1,339,0,0,'2021-02-15','','ask'),(291,1,339,1,0,'2021-02-15','','ask'),(292,1,339,1,1,'2021-02-15','','ask'),(293,1,339,1,1,'2021-02-15','','ask'),(294,1,339,0,1,'2021-02-15','','ask'),(295,1,339,0,0,'2021-02-15','','ask'),(296,1,329,0,1,'2021-02-15','','ask'),(314,1,404,0,4,'2021-03-02','','ask'),(315,1,418,0,5,'2021-03-02','','ask'),(316,1,418,0,3,'2021-03-02','','ask'),(317,28,341,0,3,'2021-03-15','','info'),(321,1,418,0,4,'2021-04-06','','ask'),(322,1,420,0,5,'2021-04-06','','ask'),(323,1,420,0,3,'2021-04-06','','ask'),(324,1,389,0,7,'2021-04-06','','ask'),(325,28,342,0,3,'2021-04-12','','info'),(326,29,421,0,5,'2021-04-13','','exempel'),(327,29,421,0,6,'2021-04-13','','exempel'),(328,29,421,0,6,'2021-04-13','','exempel'),(329,29,422,0,5,'2021-04-13','','exempel'),(331,29,424,2,5,'2021-04-13','','exempel'),(341,28,431,0,5,'2021-04-14','','info'),(342,28,431,0,6,'2021-04-14','','info'),(343,28,431,0,1,'2021-04-14','','info'),(344,28,431,0,3,'2021-04-14','','info'),(348,29,434,2,5,'2021-04-30','','exempel'),(349,1,420,0,4,'2021-05-03','','ask'),(350,1,435,0,5,'2021-05-03','','ask'),(351,1,435,0,1,'2021-05-03','','ask'),(352,1,435,2,3,'2021-05-03','','ask'),(353,1,435,2,3,'2021-05-03','','ask'),(354,29,436,0,5,'2021-05-03','','exempel'),(355,29,436,2,3,'2021-05-03','','exempel'),(356,29,437,0,5,'2021-05-03','','exempel'),(357,29,438,0,5,'2021-05-04','','exempel'),(358,29,439,0,5,'2021-05-04','','exempel'),(359,29,440,0,5,'2021-05-05','','exempel'),(360,29,441,0,5,'2021-05-05','','exempel'),(366,29,441,0,4,'2021-05-05','','exempel'),(367,29,446,0,5,'2021-05-05','','exempel'),(368,29,447,0,5,'2021-05-05','','exempel'),(369,29,448,0,5,'2021-05-06','','exempel'),(373,29,451,0,5,'2021-05-17','','exempel'),(374,29,452,0,5,'2021-05-17','','exempel'),(375,29,453,0,5,'2021-05-17','','exempel'),(376,29,454,0,5,'2021-05-17','','exempel'),(377,29,455,0,5,'2021-05-17','','exempel'),(378,29,456,0,5,'2021-05-17','','exempel'),(379,29,454,0,7,'2021-05-18','','exempel'),(380,29,456,2,3,'2021-05-18','','exempel'),(381,29,452,0,7,'2021-05-18','','exempel'),(382,29,440,0,7,'2021-05-18','','exempel'),(383,29,439,2,3,'2021-05-18','','exempel'),(384,29,434,0,2,'2021-05-18','','exempel'),(385,1,420,0,7,'2021-05-19','','ask'),(386,29,457,0,5,'2021-05-19','','exempel'),(387,29,458,0,5,'2021-05-19','','exempel'),(388,29,459,0,5,'2021-05-19','','exempel'),(389,29,460,0,5,'2021-05-19','','exempel'),(390,29,461,0,5,'2021-05-19','','exempel'),(391,29,462,0,5,'2021-05-19','','exempel'),(392,29,463,0,5,'2021-05-19','','exempel'),(393,29,464,0,5,'2021-05-19','','exempel'),(394,29,465,0,5,'2021-05-19','','exempel'),(395,29,466,0,5,'2021-05-19','','exempel'),(396,29,467,0,5,'2021-05-19','','exempel'),(397,29,468,0,5,'2021-05-19','','exempel'),(398,29,469,0,5,'2021-05-19','','exempel'),(399,29,470,0,5,'2021-05-19','','exempel'),(400,29,471,0,5,'2021-05-19','','exempel'),(401,29,472,0,5,'2021-05-19','','exempel'),(402,29,473,0,5,'2021-05-19','','exempel'),(403,29,474,0,5,'2021-05-19','','exempel'),(404,29,475,0,5,'2021-05-19','','exempel'),(405,29,476,0,5,'2021-05-19','','exempel'),(406,29,477,0,5,'2021-05-19','','exempel'),(407,29,478,0,5,'2021-05-19','','exempel'),(408,29,479,0,5,'2021-05-19','','exempel'),(409,29,480,0,5,'2021-05-19','','exempel'),(410,29,481,0,5,'2021-05-19','','exempel'),(411,29,482,0,5,'2021-05-19','','exempel'),(412,29,483,0,5,'2021-05-19','','exempel'),(413,29,484,0,5,'2021-05-19','','exempel'),(414,29,485,0,5,'2021-05-19','','exempel'),(415,29,486,0,5,'2021-05-19','','exempel'),(416,29,424,2,7,'2021-05-19','','exempel'),(418,29,488,0,5,'2021-05-24','','exempel'),(419,29,488,0,4,'2021-05-26','','exempel'),(421,29,488,0,4,'2021-05-26','','exempel'),(422,29,490,0,5,'2021-05-26','','exempel'),(423,29,485,2,3,'2021-05-26','Det är en faktura ej offert','exempel'),(424,29,484,0,3,'2021-05-26','','exempel'),(428,29,424,2,1,'2021-05-27','','exempel'),(429,29,424,2,1,'2021-05-27','','exempel'),(430,29,457,0,3,'2021-05-28','','exempel'),(431,29,484,0,1,'2021-05-28','Via E-post','exempel'),(433,1,435,0,4,'2021-06-02','','ask'),(434,1,494,0,5,'2021-06-02','','ask'),(435,1,494,0,0,'2021-06-02','','ask'),(436,1,494,0,1,'2021-06-02','','ask'),(437,1,494,0,1,'2021-06-02','','ask'),(438,1,420,0,2,'2021-06-02','','ask'),(439,1,494,0,1,'2021-06-05','','ask'),(440,28,495,0,5,'2021-06-11','','info'),(441,28,495,0,6,'2021-06-11','','info'),(442,28,495,0,1,'2021-06-11','','info'),(443,1,496,0,5,'2021-06-14','','ask'),(444,1,496,0,7,'2021-06-14','','ask'),(445,1,497,0,5,'2021-06-14','','ask'),(446,1,497,0,7,'2021-06-14','','ask'),(447,1,498,0,5,'2021-06-14','','ask'),(448,1,496,0,4,'2021-06-14','','ask'),(449,1,499,0,5,'2021-06-14','','ask'),(450,1,498,0,4,'2021-06-14','','ask'),(451,1,500,0,5,'2021-06-14','','ask'),(452,1,497,0,4,'2021-06-14','','ask'),(453,1,501,0,5,'2021-06-14','','ask'),(454,1,499,0,7,'2021-06-14','','ask'),(455,1,500,0,7,'2021-06-14','','ask'),(456,1,501,0,7,'2021-06-14','','ask'),(457,1,501,0,3,'2021-06-15','','ask'),(458,1,501,0,1,'2021-06-15','','ask'),(459,1,501,0,3,'2021-06-15','','ask'),(460,1,499,0,3,'2021-06-15','','ask'),(461,1,501,0,3,'2021-06-15','','ask'),(462,1,501,0,3,'2021-06-15','','ask'),(463,1,501,0,3,'2021-06-15','','ask'),(464,1,501,0,3,'2021-06-15','','ask'),(465,1,501,0,3,'2021-06-15','','ask'),(466,1,501,0,3,'2021-06-15','','ask'),(467,1,501,0,3,'2021-06-15','','ask'),(468,1,501,0,3,'2021-06-15','','ask'),(469,1,501,0,3,'2021-06-15','','ask'),(470,1,501,0,3,'2021-06-15','','ask'),(471,1,501,0,3,'2021-06-15','','ask'),(472,1,501,0,3,'2021-06-15','','ask'),(473,1,501,0,3,'2021-06-15','','ask'),(474,1,501,0,3,'2021-06-15','','ask'),(475,1,501,0,3,'2021-06-15','','ask'),(476,1,501,0,3,'2021-06-15','','ask'),(477,1,501,0,3,'2021-06-15','','ask'),(478,1,501,0,3,'2021-06-15','','ask'),(479,1,501,0,3,'2021-06-15','','ask'),(480,1,501,0,3,'2021-06-15','','ask'),(481,1,501,0,3,'2021-06-15','','ask'),(482,1,501,0,3,'2021-06-15','','ask'),(483,1,501,0,3,'2021-06-15','','ask'),(484,1,501,0,3,'2021-06-15','','ask'),(485,1,501,0,3,'2021-06-15','','ask'),(486,29,490,0,3,'2021-06-15','','exempel'),(487,1,329,0,3,'2021-06-15','','ask'),(488,1,501,0,3,'2021-06-15','','ask'),(489,1,494,0,3,'2021-06-15','','ask'),(490,1,501,0,3,'2021-06-15','','ask'),(491,1,501,0,3,'2021-06-16','','ask'),(492,1,501,0,3,'2021-06-16','','ask'),(493,1,501,0,3,'2021-06-16','','ask'),(494,1,501,0,3,'2021-06-16','','ask'),(495,1,501,0,3,'2021-06-16','','ask'),(496,1,501,0,3,'2021-06-16','','ask'),(497,1,501,0,3,'2021-06-16','','ask'),(498,1,501,0,3,'2021-06-16','','ask'),(499,1,501,0,3,'2021-06-16','','ask'),(500,1,501,0,3,'2021-06-16','','ask'),(501,1,501,0,3,'2021-06-16','','ask'),(502,1,501,0,3,'2021-06-16','','ask'),(503,1,501,0,1,'2021-06-16','','ask'),(504,1,501,0,3,'2021-06-16','','ask'),(505,1,501,0,3,'2021-06-16','','ask'),(506,1,501,0,3,'2021-06-16','','ask'),(507,1,501,0,3,'2021-06-16','','ask'),(508,1,501,0,3,'2021-06-16','','ask'),(509,1,501,0,3,'2021-06-17','','ask'),(510,29,488,1,3,'2021-06-17','','exempel'),(511,1,501,0,3,'2021-06-17','','ask'),(512,1,501,0,1,'2021-06-17','','ask'),(513,1,501,0,1,'2021-06-17','','ask'),(514,1,501,0,1,'2021-06-17','','ask'),(515,1,501,0,1,'2021-06-17','','ask'),(516,1,498,1,1,'2021-06-17','','ask'),(517,1,501,0,1,'2021-06-17','','ask'),(518,1,501,0,3,'2021-06-17','','ask'),(519,1,501,0,1,'2021-06-17','','ask'),(520,1,501,0,3,'2021-06-17','','ask'),(521,1,501,0,3,'2021-06-17','','ask'),(522,1,501,0,3,'2021-06-17','','ask'),(523,1,501,0,3,'2021-06-17','','ask'),(524,1,501,0,3,'2021-06-17','','ask'),(525,1,501,0,3,'2021-06-17','','ask'),(526,1,501,0,3,'2021-06-17','','ask'),(527,1,498,1,3,'2021-06-17','','ask'),(528,1,501,0,3,'2021-06-18','','ask'),(529,1,501,0,3,'2021-06-18','','ask'),(530,1,501,0,3,'2021-06-18','','ask'),(531,1,501,0,3,'2021-06-18','','ask'),(532,1,501,0,3,'2021-06-18','','ask'),(533,1,501,0,3,'2021-06-18','','ask'),(534,1,501,0,3,'2021-06-18','','ask'),(535,1,501,0,6,'2021-06-18','','ask'),(536,1,501,0,3,'2021-06-18','','ask'),(537,1,501,0,1,'2021-06-18','','ask'),(538,1,501,0,1,'2021-06-18','','ask'),(539,28,502,0,5,'2021-06-18','','info'),(540,28,502,0,3,'2021-06-18','','info'),(541,28,502,0,6,'2021-06-18','','info'),(542,28,502,0,1,'2021-06-18','','info'),(543,28,502,0,6,'2021-06-18','','info'),(544,28,502,0,1,'2021-06-18','','info'),(545,28,503,0,5,'2021-06-18','','info'),(546,28,503,0,1,'2021-06-18','','info'),(547,1,501,0,3,'2021-06-22','','ask'),(548,1,501,0,3,'2021-06-22','','ask'),(550,1,501,0,3,'2021-06-23','','ask'),(551,1,501,0,3,'2021-06-23','','ask'),(552,1,501,0,6,'2021-06-23','','ask'),(553,1,501,0,1,'2021-06-23','','ask'),(554,1,501,0,3,'2021-06-23','','ask'),(555,1,501,0,3,'2021-06-26','','ask'),(556,1,501,0,3,'2021-06-26','','ask'),(557,1,498,0,3,'2021-06-27','','ask'),(561,1,494,0,4,'2021-07-07','','ask'),(562,1,507,0,5,'2021-07-07','','ask'),(563,1,507,0,3,'2021-07-07','','ask'),(564,1,507,0,7,'2021-07-07','','ask'),(565,1,499,0,4,'2021-07-07','','ask'),(566,1,508,0,5,'2021-07-07','','ask'),(567,1,508,0,7,'2021-07-07','','ask'),(568,1,497,0,4,'2021-07-07','','ask'),(570,1,501,0,4,'2021-07-07','','ask'),(571,1,510,0,5,'2021-07-07','','ask'),(572,1,510,0,7,'2021-07-07','','ask'),(573,1,500,0,4,'2021-07-07','','ask'),(574,1,511,0,5,'2021-07-07','','ask'),(575,1,511,0,7,'2021-07-07','','ask'),(576,1,511,0,3,'2021-07-29','','ask'),(577,1,511,0,1,'2021-07-29','','ask'),(578,1,511,0,1,'2021-07-29','','ask'),(579,1,511,0,1,'2021-07-29','','ask'),(580,1,511,0,1,'2021-07-29','','ask'),(581,1,511,0,1,'2021-07-29','','ask'),(582,1,511,0,1,'2021-07-29','','ask'),(583,1,511,0,1,'2021-07-29','','ask'),(584,1,511,0,0,'2021-07-29','','ask'),(585,1,511,0,1,'2021-07-29','','ask'),(586,1,511,0,0,'2021-07-29','','ask'),(587,1,511,0,1,'2021-07-29','','ask'),(588,1,511,0,1,'2021-07-29','','ask'),(589,1,511,0,1,'2021-07-29','','ask'),(590,1,511,0,4,'2021-07-29','','ask'),(592,1,507,0,4,'2021-07-29','','ask'),(593,1,513,0,5,'2021-07-29','','ask'),(594,1,508,0,4,'2021-07-29','','ask'),(595,1,514,0,5,'2021-07-29','','ask'),(596,1,510,0,4,'2021-07-29','','ask'),(597,1,515,0,5,'2021-07-29','','ask'),(598,1,511,0,4,'2021-07-29','','ask'),(599,1,516,0,5,'2021-07-29','','ask'),(600,1,516,0,1,'2021-07-29','','ask'),(601,1,516,0,1,'2021-07-29','','ask'),(602,1,514,0,1,'2021-07-29','','ask'),(603,1,513,0,1,'2021-08-02','','ask'),(604,1,513,0,3,'2021-08-02','','ask'),(605,1,513,0,3,'2021-08-02','','ask'),(606,1,514,0,1,'2021-08-02','','ask'),(607,1,514,0,1,'2021-08-02','','ask'),(608,1,515,0,1,'2021-08-02','','ask'),(609,1,515,0,1,'2021-08-02','','ask'),(610,1,516,0,1,'2021-08-02','','ask'),(611,1,516,0,1,'2021-08-02','','ask'),(612,1,513,0,1,'2021-08-02','','ask'),(613,1,513,0,1,'2021-08-02','','ask'),(614,1,513,0,1,'2021-08-02','','ask'),(615,1,513,0,1,'2021-08-02','','ask'),(616,1,513,0,0,'2021-08-02','','ask'),(617,1,513,0,1,'2021-08-02','','ask'),(618,1,513,0,1,'2021-08-02','','ask'),(619,1,513,0,1,'2021-08-02','','ask'),(620,1,513,0,1,'2021-08-02','','ask'),(621,1,513,0,1,'2021-08-02','','ask'),(622,1,514,0,1,'2021-08-02','','ask'),(623,1,515,0,1,'2021-08-02','','ask'),(624,1,514,0,3,'2021-08-04','','ask'),(625,1,514,0,3,'2021-08-04','','ask'),(626,1,514,0,3,'2021-08-04','','ask'),(627,1,514,0,3,'2021-08-04','','ask'),(628,1,514,0,1,'2021-08-04','','ask'),(629,1,500,1,1,'2021-08-05','','ask'),(630,1,500,1,1,'2021-08-05','','ask'),(631,1,513,0,1,'2021-08-05','','ask'),(632,1,513,0,1,'2021-08-05','','ask'),(633,1,500,1,1,'2021-08-05','','ask'),(634,1,500,1,3,'2021-08-05','','ask'),(635,1,515,0,3,'2021-08-07','','ask'),(636,1,511,0,1,'2021-08-09','','ask'),(637,1,418,0,7,'2021-08-09','','ask'),(638,1,513,0,3,'2021-08-10','','ask'),(639,29,457,0,3,'2021-08-11','','exempel'),(640,1,516,0,3,'2021-08-12','','ask'),(641,1,516,0,3,'2021-08-12','','ask'),(642,1,516,0,3,'2021-08-12','','ask'),(643,1,516,0,3,'2021-08-12','','ask'),(644,1,515,0,3,'2021-08-12','','ask'),(645,1,516,0,3,'2021-08-12','','ask'),(646,1,516,0,3,'2021-08-12','','ask'),(647,29,456,0,3,'2021-08-12','','exempel'),(648,29,422,0,3,'2021-08-12','','exempel'),(649,29,490,0,3,'2021-08-12','','exempel'),(650,29,422,0,3,'2021-08-12','','exempel'),(651,29,422,0,3,'2021-08-12','','exempel'),(652,29,422,0,3,'2021-08-12','','exempel'),(656,29,520,0,5,'2021-08-13','','exempel'),(660,29,524,0,5,'2021-08-13','','exempel'),(662,29,526,2,5,'2021-08-13','','exempel'),(663,1,510,0,3,'2021-08-13','','ask'),(664,1,500,0,3,'2021-08-16','','ask'),(665,29,458,0,3,'2021-08-17','','exempel'),(666,29,458,0,3,'2021-08-17','','exempel'),(667,29,458,0,3,'2021-08-17','','exempel'),(668,29,458,0,3,'2021-08-17','','exempel'),(669,29,457,0,3,'2021-08-17','','exempel'),(670,29,457,0,3,'2021-08-17','','exempel'),(671,29,424,2,3,'2021-08-17','','exempel'),(672,29,455,2,3,'2021-08-17','','exempel'),(673,29,455,0,3,'2021-08-17','','exempel'),(674,29,464,1,3,'2021-08-17','','exempel'),(675,29,520,0,3,'2021-08-17','','exempel'),(676,29,520,0,3,'2021-08-17','','exempel'),(677,29,422,0,3,'2021-08-17','','exempel'),(678,29,422,0,3,'2021-08-17','','exempel'),(679,29,439,0,3,'2021-08-17','','exempel'),(680,29,520,0,1,'2021-08-17','','exempel'),(681,29,455,0,3,'2021-08-18','','exempel'),(682,29,455,0,3,'2021-08-18','','exempel'),(683,29,422,0,3,'2021-08-18','','exempel'),(684,29,422,0,3,'2021-08-18','','exempel'),(685,29,422,0,3,'2021-08-18','','exempel'),(686,29,422,0,3,'2021-08-18','','exempel'),(687,29,439,0,3,'2021-08-18','','exempel'),(688,34,527,0,5,'2021-08-18','','demo'),(689,34,528,0,5,'2021-08-18','','demo'),(691,34,530,0,5,'2021-08-19','','demo'),(692,34,527,0,4,'2021-08-19','','demo'),(694,34,530,0,4,'2021-08-19','','demo'),(696,34,533,0,5,'2021-08-20','','demo'),(697,34,534,0,5,'2021-08-20','','demo'),(698,34,534,0,3,'2021-08-20','','demo'),(699,34,535,0,5,'2021-08-20','','demo'),(700,34,536,0,5,'2021-08-20','','demo'),(701,34,537,0,5,'2021-08-20','','demo'),(702,34,537,0,3,'2021-08-20','','demo'),(703,34,537,0,1,'2021-08-20','','demo'),(711,34,536,0,6,'2021-08-24','','demo'),(712,2,119,0,3,'2021-08-24','','alex_breicht'),(713,2,119,0,3,'2021-08-24','','alex_breicht'),(715,34,542,0,5,'2021-08-25','','demo'),(716,34,535,0,4,'2021-08-25','','demo'),(717,34,543,0,5,'2021-08-25','','demo'),(719,34,545,0,5,'2021-08-26','','demo'),(720,34,528,0,4,'2021-08-26','','demo'),(722,34,528,0,4,'2021-08-26','','demo'),(723,34,547,0,5,'2021-08-26','','demo'),(724,34,547,0,3,'2021-08-27','','demo'),(725,34,547,0,3,'2021-08-27','','demo'),(726,34,547,0,3,'2021-08-27','','demo'),(727,34,548,0,5,'2021-08-27','','demo'),(728,34,549,0,5,'2021-08-27','','demo'),(729,34,550,0,5,'2021-08-27','','demo'),(731,34,552,0,5,'2021-08-30','','demo'),(735,34,556,0,5,'2021-08-31','','demo'),(736,34,557,0,5,'2021-08-31','','demo'),(737,34,558,0,5,'2021-08-31','','demo'),(738,34,559,0,5,'2021-08-31','','demo'),(739,34,557,0,4,'2021-08-31','','demo'),(740,34,560,0,5,'2021-08-31','','demo'),(741,34,549,0,4,'2021-08-31','','demo'),(742,34,561,0,5,'2021-08-31','','demo'),(744,34,563,0,5,'2021-08-31','','demo'),(745,1,513,0,4,'2021-09-02','','ask'),(746,1,564,0,5,'2021-09-02','','ask'),(747,1,564,0,1,'2021-09-02','','ask'),(748,1,564,0,1,'2021-09-02','','ask'),(749,1,514,0,4,'2021-09-02','','ask'),(750,1,565,0,5,'2021-09-02','','ask'),(751,1,565,0,1,'2021-09-02','','ask'),(752,1,565,0,1,'2021-09-02','','ask'),(753,1,515,0,4,'2021-09-02','','ask'),(754,1,566,0,5,'2021-09-02','','ask'),(755,1,566,0,1,'2021-09-02','','ask'),(756,1,566,0,1,'2021-09-02','','ask'),(757,1,516,0,4,'2021-09-02','','ask'),(758,1,567,0,5,'2021-09-02','','ask'),(759,1,567,0,1,'2021-09-02','','ask'),(760,1,567,0,1,'2021-09-02','','ask'),(762,34,569,0,5,'2021-09-02','','demo'),(763,34,569,0,4,'2021-09-02','','demo'),(766,34,569,0,4,'2021-09-02','','demo'),(767,34,572,0,5,'2021-09-02','','demo'),(768,34,573,0,5,'2021-09-03','','demo'),(769,34,573,0,3,'2021-09-03','','demo'),(770,34,574,0,5,'2021-09-03','','demo'),(771,40,575,0,5,'2021-09-03','','kocmoc1985'),(772,40,576,0,5,'2021-09-03','','kocmoc1985'),(773,40,577,0,5,'2021-09-03','','kocmoc1985'),(774,40,577,0,3,'2021-09-03','','kocmoc1985'),(775,34,578,0,5,'2021-09-03','','demo'),(776,34,556,0,3,'2021-09-03','','demo'),(778,34,578,0,1,'2021-09-03','','demo'),(779,34,578,0,1,'2021-09-03','','demo'),(780,34,573,0,1,'2021-09-03','','demo'),(781,34,578,0,3,'2021-09-03','','demo'),(782,34,580,0,5,'2021-09-03','','demo'),(785,34,580,0,4,'2021-09-04','','demo'),(786,34,582,0,5,'2021-09-04','','demo'),(787,34,582,0,3,'2021-09-04','','demo'),(788,1,564,0,3,'2021-09-06','','ask'),(789,1,564,0,3,'2021-09-06','','ask'),(790,1,565,0,3,'2021-09-06','','ask'),(791,1,566,0,3,'2021-09-06','','ask'),(792,1,567,0,3,'2021-09-06','','ask'),(793,1,564,0,3,'2021-09-07','','ask'),(794,34,573,0,1,'2021-09-07','kocmoc1985@gmail.com','demo'),(795,34,582,0,4,'2021-09-07','','demo'),(797,34,582,0,4,'2021-09-07','31','demo'),(801,34,573,0,4,'2021-09-07','ny fknr 31','demo'),(802,34,587,0,5,'2021-09-07','skapades från fknr 26','demo'),(803,34,587,0,1,'2021-09-07','kocmoc1985@gmail.com','demo'),(805,1,567,0,3,'2021-09-07','','ask'),(806,1,567,0,3,'2021-09-07','','ask'),(807,1,567,0,3,'2021-09-07','','ask'),(808,1,567,0,3,'2021-09-07','','ask'),(812,1,567,0,3,'2021-09-07','','ask'),(813,1,567,0,3,'2021-09-07','','ask'),(817,1,567,0,3,'2021-09-07','','ask'),(826,1,567,0,3,'2021-09-08','','ask'),(827,1,567,0,3,'2021-09-08','','ask'),(828,1,567,0,3,'2021-09-08','','ask'),(829,1,567,0,3,'2021-09-08','','ask'),(830,1,567,0,3,'2021-09-08','','ask'),(831,1,567,0,3,'2021-09-08','','ask'),(832,1,567,0,3,'2021-09-08','','ask'),(833,1,567,0,3,'2021-09-08','','ask'),(834,1,567,0,3,'2021-09-08','','ask'),(835,34,545,0,3,'2021-09-08','','demo'),(836,34,593,2,5,'2021-09-08','','demo'),(837,34,593,2,3,'2021-09-08','','demo'),(838,34,593,2,3,'2021-09-08','','demo'),(839,34,594,2,5,'2021-09-08','','demo'),(840,34,594,0,3,'2021-09-08','','demo'),(841,34,594,0,3,'2021-09-08','','demo'),(842,34,557,1,3,'2021-09-08','','demo'),(843,34,595,0,5,'2021-09-08','','demo'),(844,34,595,0,3,'2021-09-08','','demo'),(848,34,578,0,3,'2021-09-08','','demo'),(849,34,578,0,3,'2021-09-08','','demo'),(850,34,578,0,3,'2021-09-08','','demo'),(851,34,578,0,3,'2021-09-08','','demo'),(852,34,599,0,5,'2021-09-08','','demo'),(853,34,599,0,3,'2021-09-08','','demo'),(854,34,599,0,3,'2021-09-08','','demo'),(863,34,605,0,5,'2021-09-09','','demo'),(867,34,599,0,2,'2021-09-09','','demo'),(868,34,609,0,5,'2021-09-09','krediterar fknr 35','demo'),(869,34,536,0,2,'2021-09-09','','demo'),(870,34,536,0,2,'2021-09-09','','demo'),(871,34,572,0,2,'2021-09-09','','demo'),(872,34,593,2,8,'2021-09-09','omvandlades till fknr 39','demo'),(873,34,610,0,5,'2021-09-09','skapades från fknr 32','demo'),(877,34,610,0,3,'2021-09-10','','demo'),(878,34,610,0,3,'2021-09-10','','demo'),(879,34,595,0,3,'2021-09-10','','demo'),(880,34,612,0,5,'2021-09-13','','demo'),(881,34,612,0,3,'2021-09-13','','demo'),(882,34,612,0,3,'2021-09-13','','demo'),(883,34,612,0,3,'2021-09-13','','demo'),(884,34,612,0,3,'2021-09-13','','demo'),(885,34,612,0,3,'2021-09-13','','demo'),(886,34,610,1,3,'2021-09-14','','demo'),(887,34,612,1,3,'2021-09-14','','demo'),(888,34,612,1,3,'2021-09-14','','demo'),(889,34,612,1,3,'2021-09-14','','demo'),(890,34,612,1,3,'2021-09-14','','demo'),(891,34,612,1,3,'2021-09-14','','demo'),(892,34,612,1,3,'2021-09-14','','demo'),(893,34,612,1,3,'2021-09-14','','demo'),(894,34,612,1,3,'2021-09-14','','demo'),(895,1,511,1,1,'2021-09-14','kocmoc1985@gmail.com','ask'),(896,1,511,1,3,'2021-09-14','','ask'),(897,1,511,1,1,'2021-09-14','kocmoc1985@gmail.com','ask'),(898,1,511,1,1,'2021-09-14','auba.ap@trico-group.com','ask'),(899,1,514,1,1,'2021-09-14','kocmoc1985@gmail.com','ask'),(900,1,514,1,1,'2021-09-14','invoices@qewrubber.com','ask'),(918,1,567,0,3,'2021-09-20','','ask'),(919,1,514,1,1,'2021-09-21','kocmoc1985@gmail.com','ask'),(925,28,616,0,5,'2021-09-30','','info'),(926,41,617,0,5,'2021-10-03','','vitalii.kyselov'),(927,41,617,0,3,'2021-10-03','','vitalii.kyselov'),(928,41,617,0,1,'2021-10-03','vitalii.kyselov@mail.ru','vitalii.kyselov'),(929,41,618,0,5,'2021-10-03','','vitalii.kyselov'),(930,28,616,0,1,'2021-10-04','','info'),(931,28,616,0,6,'2021-10-04','','info'),(932,1,564,0,4,'2021-10-04','ny fknr 36','ask'),(933,1,619,0,5,'2021-10-04','skapades från fknr 32','ask'),(934,1,565,0,4,'2021-10-04','ny fknr 37','ask'),(935,1,620,0,5,'2021-10-04','skapades från fknr 33','ask'),(936,1,566,0,4,'2021-10-04','ny fknr 38','ask'),(937,1,621,0,5,'2021-10-04','skapades från fknr 34','ask'),(938,1,567,0,4,'2021-10-04','ny fknr 39','ask'),(939,1,622,0,5,'2021-10-04','skapades från fknr 35','ask'),(940,1,619,0,1,'2021-10-04','kocmoc1985@gmail.com','ask'),(941,1,619,0,1,'2021-10-04','Trelleborg.TINDTCS@bscs.basware.com','ask'),(942,1,620,0,1,'2021-10-04','invoices@qewrubber.com','ask'),(943,1,621,0,1,'2021-10-04','buchhaltung@compounds.ch','ask'),(944,1,622,0,1,'2021-10-04','auba.ap@trico-group.com','ask'),(945,1,621,0,3,'2021-10-06','','ask'),(946,1,623,0,5,'2021-10-06','','ask'),(947,1,623,0,1,'2021-10-06','s.brassas@mixcont.com','ask'),(948,1,623,0,1,'2021-10-06','s.brassas@mixcont.com','ask'),(949,1,516,1,1,'2021-10-06','auba.ap@trico-group.com','ask'),(950,1,619,0,3,'2021-10-06','','ask'),(951,1,620,0,3,'2021-10-06','','ask'),(952,1,621,0,3,'2021-10-06','','ask'),(953,1,622,0,3,'2021-10-06','','ask'),(961,1,623,0,1,'2021-10-13','s.brassas@mixcont.com','ask'),(962,1,516,1,1,'2021-10-14','kocmoc1985@gmail.com','ask'),(963,1,516,1,1,'2021-10-14','auba.ap@trico-group.com','ask'),(965,1,623,0,2,'2021-10-19','','ask'),(966,1,507,0,3,'2021-10-19','','ask'),(967,1,513,0,3,'2021-10-19','','ask'),(968,1,507,0,3,'2021-10-19','','ask'),(969,1,623,0,3,'2021-10-19','','ask'),(970,1,623,0,3,'2021-10-19','','ask'),(971,1,619,0,3,'2021-10-19','','ask'),(972,1,619,0,3,'2021-10-19','','ask'),(973,1,619,0,3,'2021-10-19','','ask'),(974,1,623,0,3,'2021-10-19','','ask'),(975,1,623,0,3,'2021-10-19','','ask'),(976,1,623,0,3,'2021-10-19','','ask'),(977,1,623,0,3,'2021-10-19','','ask'),(978,1,623,0,3,'2021-10-19','','ask'),(979,1,623,0,3,'2021-10-19','','ask'),(980,29,626,2,5,'2021-10-20','','exempel'),(982,29,628,0,5,'2021-10-20','','exempel'),(986,28,629,0,5,'2021-10-25','','info'),(987,28,629,0,1,'2021-10-25','','info'),(988,1,623,0,3,'2021-10-26','','ask'),(989,1,623,0,3,'2021-10-26','','ask'),(990,1,623,0,1,'2021-10-26','s.brassas@mixcont.com','ask'),(991,1,516,0,3,'2021-10-26','','ask'),(996,1,619,0,4,'2021-11-02','ny fknr 41','ask'),(997,1,630,0,5,'2021-11-02','skapades från fknr 36','ask'),(998,1,620,0,4,'2021-11-02','ny fknr 42','ask'),(999,1,631,0,5,'2021-11-02','skapades från fknr 37','ask'),(1000,1,621,0,4,'2021-11-02','ny fknr 43','ask'),(1001,1,632,0,5,'2021-11-02','skapades från fknr 38','ask'),(1002,1,622,0,4,'2021-11-02','ny fknr 44','ask'),(1003,1,633,0,5,'2021-11-02','skapades från fknr 39','ask'),(1004,1,630,0,1,'2021-11-02','Trelleborg.TINDTCS@bscs.basware.com','ask'),(1005,1,631,0,1,'2021-11-02','invoices@qewrubber.com','ask'),(1006,1,632,0,1,'2021-11-02','buchhaltung@compounds.ch','ask'),(1007,1,633,0,1,'2021-11-02','auba.ap@trico-group.com','ask'),(1008,1,630,0,3,'2021-11-02','','ask'),(1009,1,631,0,3,'2021-11-02','','ask'),(1010,1,632,0,3,'2021-11-02','','ask'),(1011,1,633,0,3,'2021-11-02','','ask'),(1024,1,633,0,3,'2021-11-04','','ask'),(1060,1,621,1,1,'2021-11-18','buchhaltung@compounds.ch','ask'),(1061,1,567,1,1,'2021-11-18','auba.ap@trico-group.com','ask'),(1066,42,641,0,5,'2021-11-20','','2438826'),(1067,42,641,0,3,'2021-11-20','','2438826'),(1068,42,641,0,1,'2021-11-20','info@vgfasadbygg.se','2438826'),(1069,28,642,0,5,'2021-11-22','','info'),(1070,28,642,0,3,'2021-11-22','','info'),(1076,1,567,1,1,'2021-11-24','finance@mixcont.com','ask'),(1077,1,567,1,1,'2021-11-24','auba.ap@trico-group.com','ask'),(1078,1,623,0,3,'2021-11-24','','ask'),(1079,1,621,0,1,'2021-11-25','buchhaltung@compounds.ch','ask'),(1080,1,623,0,3,'2021-11-26','','ask'),(1081,1,630,0,4,'2021-11-29','ny fknr 45','ask'),(1082,1,644,0,5,'2021-11-29','skapades från fknr 41','ask'),(1083,1,631,0,4,'2021-11-29','ny fknr 46','ask'),(1084,1,645,0,5,'2021-11-29','skapades från fknr 42','ask'),(1085,1,632,0,4,'2021-11-29','ny fknr 47','ask'),(1086,1,646,0,5,'2021-11-29','skapades från fknr 43','ask'),(1087,1,633,0,4,'2021-11-29','ny fknr 48','ask'),(1088,1,647,0,5,'2021-11-29','skapades från fknr 44','ask'),(1089,1,567,0,1,'2021-11-29','auba.ap@trico-group.com','ask'),(1090,28,648,0,5,'2021-11-29','','info'),(1091,28,648,0,6,'2021-11-29','','info'),(1092,28,648,0,1,'2021-11-29','','info'),(1093,28,649,0,5,'2021-11-29','','info'),(1094,28,649,0,1,'2021-11-29','','info'),(1095,1,644,0,1,'2021-12-02','Trelleborg.TINDTCS@bscs.basware.com','ask'),(1096,1,645,0,1,'2021-12-02','invoices@qewrubber.com','ask'),(1097,1,646,0,1,'2021-12-02','buchhaltung@compounds.ch','ask'),(1098,1,647,0,1,'2021-12-02','auba.ap@trico-group.com','ask'),(1104,28,651,0,5,'2021-12-06','','info'),(1105,28,651,0,6,'2021-12-06','','info'),(1106,28,651,0,1,'2021-12-06','','info'),(1107,28,652,0,5,'2021-12-07','','info'),(1108,28,652,0,1,'2021-12-07','','info'),(1109,28,652,0,3,'2021-12-07','','info'),(1110,1,567,1,1,'2021-12-08','auba.ap@trico-group.com','ask'),(1111,28,653,0,5,'2021-12-09','','info'),(1112,28,653,0,1,'2021-12-09','','info'),(1113,1,644,0,4,'2021-12-13','ny fknr 49','ask'),(1114,1,654,0,5,'2021-12-13','skapades från fknr 45','ask'),(1115,1,645,0,4,'2021-12-13','ny fknr 50','ask'),(1116,1,655,0,5,'2021-12-13','skapades från fknr 46','ask'),(1117,1,647,0,4,'2021-12-13','ny fknr 51','ask'),(1118,1,656,0,5,'2021-12-13','skapades från fknr 48','ask'),(1121,1,646,0,4,'2021-12-17','ny fknr 52','ask'),(1122,1,658,0,5,'2021-12-17','skapades från fknr 47','ask'),(1129,1,654,0,1,'2022-01-03','Trelleborg.TINDTCS@bscs.basware.com','ask'),(1130,1,655,0,1,'2022-01-03','invoices@qewrubber.com','ask'),(1131,1,656,0,1,'2022-01-03','auba.ap@trico-group.com','ask'),(1132,1,658,0,1,'2022-01-03','buchhaltung@compounds.ch','ask'),(1133,1,654,0,3,'2022-01-06','','ask'),(1134,1,655,0,3,'2022-01-06','','ask'),(1135,1,658,0,3,'2022-01-06','','ask'),(1142,1,654,0,4,'2022-02-01','ny fknr 53','ask'),(1143,1,664,0,5,'2022-02-01','skapades från fknr 49','ask'),(1144,1,655,0,4,'2022-02-01','ny fknr 54','ask'),(1145,1,665,0,5,'2022-02-01','skapades från fknr 50','ask'),(1146,1,656,0,4,'2022-02-01','ny fknr 55','ask'),(1147,1,666,0,5,'2022-02-01','skapades från fknr 51','ask'),(1148,1,658,0,4,'2022-02-01','ny fknr 56','ask'),(1149,1,667,0,5,'2022-02-01','skapades från fknr 52','ask'),(1150,1,647,1,1,'2022-02-01','auba.ap@trico-group.com','ask'),(1151,1,664,0,1,'2022-02-01','Trelleborg.TINDTCS@bscs.basware.com','ask'),(1152,1,665,0,1,'2022-02-01','invoices@qewrubber.com','ask'),(1153,1,666,0,1,'2022-02-01','auba.ap@trico-group.com','ask'),(1154,1,667,0,1,'2022-02-01','buchhaltung@compounds.ch','ask'),(1157,1,647,1,1,'2022-02-07','auba.ap@trico-group.com','ask'),(1160,1,623,0,4,'2022-02-10','ny fknr 57','ask'),(1161,1,670,0,5,'2022-02-10','skapades från fknr 40','ask'),(1162,1,670,0,3,'2022-02-10','','ask'),(1163,1,670,0,1,'2022-02-11','kocmoc1985@gmail.com','ask'),(1164,1,670,0,1,'2022-02-11','kocmoc1985@gmail.com','ask'),(1165,1,670,0,1,'2022-02-11','taniwaki.aya@kobelco.com','ask'),(1169,1,655,1,1,'2022-02-14','invoices@qewrubber.com','ask'),(1170,1,664,0,4,'2022-03-01','ny fknr 58','ask'),(1171,1,672,0,5,'2022-03-01','skapades från fknr 53','ask'),(1172,1,665,0,4,'2022-03-01','ny fknr 59','ask'),(1173,1,673,0,5,'2022-03-01','skapades från fknr 54','ask'),(1174,1,666,0,4,'2022-03-01','ny fknr 60','ask'),(1175,1,674,0,5,'2022-03-01','skapades från fknr 55','ask'),(1176,1,667,0,4,'2022-03-01','ny fknr 61','ask'),(1177,1,675,0,5,'2022-03-01','skapades från fknr 56','ask'),(1178,1,672,0,1,'2022-03-01','Trelleborg.TINDTCS@bscs.basware.com','ask'),(1179,1,673,0,1,'2022-03-01','invoices@qewrubber.com','ask'),(1180,1,674,0,1,'2022-03-01','auba.ap@trico-group.com','ask'),(1181,1,675,0,1,'2022-03-01','buchhaltung@compounds.ch','ask'),(1182,28,676,0,5,'2022-03-01','','info'),(1183,28,676,0,6,'2022-03-01','','info'),(1184,28,676,0,1,'2022-03-01','','info'),(1185,28,653,0,1,'2022-03-12','','info'),(1186,1,656,1,1,'2022-03-21','auba.ap@trico-group.com','ask'),(1187,1,670,1,1,'2022-03-21','kocmoc1985@gmail.com','ask'),(1188,1,670,1,1,'2022-03-21','taniwaki.aya@kobelco.com','ask'),(1189,1,677,2,5,'2022-03-30','','ask'),(1190,1,677,2,3,'2022-03-30','','ask'),(1191,1,677,2,1,'2022-03-30','kocmoc1985@gmail.com','ask'),(1192,1,677,2,1,'2022-03-30','henrik.hansson.rahnboy@trelleborg.com','ask'),(1195,1,673,0,4,'2022-04-01','ny fknr 63','ask'),(1196,1,679,0,5,'2022-04-01','skapades från fknr 59','ask'),(1197,1,674,0,4,'2022-04-01','ny fknr 64','ask'),(1198,1,680,0,5,'2022-04-01','skapades från fknr 60','ask'),(1199,1,672,0,4,'2022-04-01','ny fknr 65','ask'),(1200,1,681,0,5,'2022-04-01','skapades från fknr 58','ask'),(1201,1,679,0,1,'2022-04-01','invoices@qewrubber.com','ask'),(1202,1,680,0,1,'2022-04-01','auba.ap@trico-group.com','ask'),(1203,1,681,0,1,'2022-04-01','Trelleborg.TINDTCS@bscs.basware.com','ask'),(1209,28,684,0,5,'2022-04-13','','dontuivan'),(1210,28,684,0,1,'2022-04-13','inbox.lev.981931@arkivplats.se','dontuivan'),(1211,28,653,0,1,'2022-04-13','inbox.lev.981931@arkivplats.se','dontuivan'),(1233,1,666,1,1,'2022-04-18','auba.ap@trico-group.com','ask'),(1234,28,686,0,5,'2022-04-22','','dontuivan'),(1235,28,686,0,1,'2022-04-22','inbox.lev.981931@arkivplats.se','dontuivan'),(1251,1,679,0,4,'2022-05-02','ny fknr 66','ask'),(1252,1,690,0,5,'2022-05-02','skapades från fknr 63','ask'),(1253,1,690,0,1,'2022-05-02','invoices@qewrubber.com','ask'),(1254,1,680,0,4,'2022-05-02','ny fknr 67','ask'),(1255,1,691,0,5,'2022-05-02','skapades från fknr 64','ask'),(1256,1,681,0,4,'2022-05-02','ny fknr 68','ask'),(1257,1,692,0,5,'2022-05-02','skapades från fknr 65','ask'),(1258,1,691,0,1,'2022-05-02','auba.ap@trico-group.com','ask'),(1259,1,692,0,1,'2022-05-02','Trelleborg.TINDTCS@bscs.basware.com','ask'),(1260,1,674,1,1,'2022-05-03','auba.ap@trico-group.com','ask'),(1261,28,693,0,5,'2022-05-05','','dontuivan'),(1262,28,693,0,1,'2022-05-05','daniel@ellenergi.se','dontuivan'),(1278,1,690,0,4,'2022-05-30','ny fknr 69','ask'),(1279,1,695,0,5,'2022-05-30','skapades från fknr 66','ask'),(1280,1,691,0,4,'2022-05-30','ny fknr 70','ask'),(1281,1,696,0,5,'2022-05-30','skapades från fknr 67','ask'),(1282,1,692,0,4,'2022-05-30','ny fknr 71','ask'),(1283,1,697,0,5,'2022-05-30','skapades från fknr 68','ask'),(1284,1,695,0,1,'2022-06-01','invoices@qewrubber.com','ask'),(1285,1,696,0,1,'2022-06-01','auba.ap@trico-group.com','ask'),(1286,1,697,0,1,'2022-06-01','Trelleborg.TINDTCS@bscs.basware.com','ask'),(1293,1,680,1,1,'2022-06-23','auba.ap@trico-group.com','ask'),(1313,1,695,0,4,'2022-07-04','ny fknr 72','ask'),(1314,1,702,0,5,'2022-07-04','skapades från fknr 69','ask'),(1315,1,696,0,4,'2022-07-04','ny fknr 73','ask'),(1316,1,703,0,5,'2022-07-04','skapades från fknr 70','ask'),(1317,1,697,0,4,'2022-07-04','ny fknr 74','ask'),(1318,1,704,0,5,'2022-07-04','skapades från fknr 71','ask'),(1319,1,702,0,1,'2022-07-04','invoices@qewrubber.com','ask'),(1320,1,703,0,6,'2022-07-04','auba.ap@trico-group.com','ask'),(1321,1,703,0,1,'2022-07-04','auba.ap@trico-group.com','ask'),(1322,1,704,0,1,'2022-07-04','Trelleborg.TINDTCS@bscs.basware.com','ask'),(1323,1,691,1,1,'2022-07-04','auba.ap@trico-group.com','ask'),(1324,28,705,0,5,'2022-07-19','','dontuivan'),(1325,28,705,0,1,'2022-07-19','info@skanesdjurpark.se','dontuivan'),(1326,28,705,0,1,'2022-07-19','faktura@skanesdjurpark.nu','dontuivan'),(1337,28,709,0,5,'2022-07-29','','dontuivan'),(1338,28,709,0,1,'2022-07-29','faktura@skanesdjurpark.nu','dontuivan'),(1343,1,702,0,4,'2022-08-02','ny fknr 75','ask'),(1344,1,711,0,5,'2022-08-02','skapades från fknr 72','ask'),(1345,1,703,0,4,'2022-08-02','ny fknr 76','ask'),(1346,1,712,0,5,'2022-08-02','skapades från fknr 73','ask'),(1347,1,704,0,4,'2022-08-02','ny fknr 77','ask'),(1348,1,713,0,5,'2022-08-02','skapades från fknr 74','ask'),(1349,1,711,0,1,'2022-08-02','invoices@qewrubber.com','ask'),(1350,1,712,0,1,'2022-08-02','auba.ap@trico-group.com','ask'),(1351,1,713,0,1,'2022-08-02','Trelleborg.TINDTCS@bscs.basware.com','ask'),(1362,1,696,1,1,'2022-08-16','auba.ap@trico-group.com','ask'),(1372,1,711,0,4,'2022-09-02','ny fknr 78','ask'),(1373,1,717,0,5,'2022-09-02','skapades från fknr 75','ask'),(1374,1,712,0,4,'2022-09-02','ny fknr 79','ask'),(1375,1,718,0,5,'2022-09-02','skapades från fknr 76','ask'),(1376,1,713,0,4,'2022-09-02','ny fknr 80','ask'),(1377,1,719,0,5,'2022-09-02','skapades från fknr 77','ask'),(1378,1,717,0,1,'2022-09-02','invoices@qewrubber.com','ask'),(1379,1,718,0,1,'2022-09-02','auba.ap@trico-group.com','ask'),(1380,1,719,0,1,'2022-09-02','Trelleborg.TINDTCS@bscs.basware.com','ask'),(1390,1,677,2,3,'2022-09-29','','ask'),(1391,1,677,2,3,'2022-09-29','','ask'),(1396,1,703,1,1,'2022-09-30','auba.ap@trico-group.com','ask'),(1397,1,717,0,4,'2022-10-08','ny fknr 81','ask'),(1398,1,725,0,5,'2022-10-08','skapades från fknr 78','ask'),(1399,1,718,0,4,'2022-10-08','ny fknr 82','ask'),(1400,1,726,0,5,'2022-10-08','skapades från fknr 79','ask'),(1401,1,719,0,4,'2022-10-08','ny fknr 83','ask'),(1402,1,727,0,5,'2022-10-08','skapades från fknr 80','ask'),(1403,1,725,0,1,'2022-10-10','invoices@qewrubber.com','ask'),(1404,1,726,0,1,'2022-10-10','auba.ap@trico-group.com','ask'),(1405,1,727,0,1,'2022-10-10','Trelleborg.TINDTCS@bscs.basware.com','ask'),(1406,1,703,1,1,'2022-10-12','kocmoc1985@gmail.com','ask'),(1407,1,703,1,1,'2022-10-12','auba.ap@trico-group.com','ask'),(1408,1,712,1,1,'2022-10-12','auba.ap@trico-group.com','ask'),(1409,28,709,0,6,'2022-10-25','wilwil1517@gmail.com','dontuivan'),(1410,28,709,0,1,'2022-10-25','wilwil1517@gmail.com','dontuivan'),(1411,28,709,0,1,'2022-10-25','wilwil1517@gmail.com','dontuivan'),(1412,1,677,2,8,'2022-10-31','omvandlades till fknr 84','ask'),(1413,1,728,0,5,'2022-10-31','skapades från fknr 62','ask'),(1414,1,727,0,4,'2022-11-01','ny fknr 85','ask'),(1415,1,729,0,5,'2022-11-01','skapades från fknr 83','ask'),(1416,1,725,0,4,'2022-11-01','ny fknr 86','ask'),(1417,1,730,0,5,'2022-11-01','skapades från fknr 81','ask'),(1418,1,726,0,4,'2022-11-01','ny fknr 87','ask'),(1419,1,731,0,5,'2022-11-01','skapades från fknr 82','ask'),(1420,1,728,0,1,'2022-11-01','Trelleborg.TINDTCS@bscs.basware.com','ask'),(1421,1,729,0,1,'2022-11-01','Trelleborg.TINDTCS@bscs.basware.com','ask'),(1422,1,730,0,1,'2022-11-01','invoices@qewrubber.com','ask'),(1423,1,731,0,1,'2022-11-01','auba.ap@trico-group.com','ask'),(1424,1,731,0,3,'2022-11-01','','ask'),(1425,28,732,0,5,'2022-11-08','','dontuivan'),(1426,28,732,0,1,'2022-11-08','inbox.lev.981931@arkivplats.se','dontuivan'),(1427,28,732,0,3,'2022-11-08','','dontuivan'),(1428,28,733,0,5,'2022-11-11','','dontuivan'),(1429,28,733,0,1,'2022-11-11','lundgrensentreprenad@hotmail.com','dontuivan'),(1430,34,734,0,5,'2022-11-15','','demo'),(1431,34,734,0,3,'2022-11-15','','demo'),(1432,34,734,0,3,'2022-11-15','','demo'),(1433,34,734,0,3,'2022-11-15','','demo'),(1434,34,734,0,3,'2022-11-15','','demo'),(1435,34,734,0,3,'2022-11-15','','demo'),(1436,34,734,0,3,'2022-11-15','','demo'),(1437,34,734,0,3,'2022-11-15','','demo'),(1438,34,734,0,3,'2022-11-15','','demo'),(1443,1,729,0,4,'2022-12-03','ny fknr 88','ask'),(1444,1,735,0,5,'2022-12-03','skapades från fknr 85','ask'),(1445,1,730,0,4,'2022-12-03','ny fknr 89','ask'),(1446,1,736,0,5,'2022-12-03','skapades från fknr 86','ask'),(1447,1,731,0,4,'2022-12-03','ny fknr 90','ask'),(1448,1,737,0,5,'2022-12-03','skapades från fknr 87','ask'),(1449,1,735,0,1,'2022-12-03','Trelleborg.TINDTCS@bscs.basware.com','ask'),(1450,1,736,0,1,'2022-12-03','invoices@qewrubber.com','ask'),(1451,1,737,0,1,'2022-12-03','auba.ap@trico-group.com','ask'),(1452,1,718,1,1,'2022-12-03','auba.ap@trico-group.com','ask'),(1461,1,730,1,1,'2022-12-15','invoices@qewrubber.com','ask'),(1473,1,735,0,4,'2023-01-08','ny fknr 91','ask'),(1474,1,740,0,5,'2023-01-08','skapades från fknr 88','ask'),(1475,1,736,0,4,'2023-01-08','ny fknr 92','ask'),(1476,1,741,0,5,'2023-01-08','skapades från fknr 89','ask'),(1477,1,737,0,4,'2023-01-08','ny fknr 93','ask'),(1478,1,742,0,5,'2023-01-08','skapades från fknr 90','ask'),(1479,1,740,0,1,'2023-01-08','Trelleborg.TINDTCS@bscs.basware.com','ask'),(1480,1,741,0,1,'2023-01-08','invoices@qewrubber.com','ask'),(1481,1,742,0,1,'2023-01-08','auba.ap@trico-group.com','ask'),(1485,1,731,1,1,'2023-01-09','auba.ap@trico-group.com','ask'),(1486,1,736,1,1,'2023-01-09','invoices@qewrubber.com','ask'),(1494,1,740,0,4,'2023-02-07','ny fknr 94','ask'),(1495,1,746,0,5,'2023-02-07','skapades från fknr 91','ask'),(1496,1,737,1,1,'2023-02-07','auba.ap@trico-group.com','ask'),(1497,1,741,0,4,'2023-02-07','ny fknr 95','ask'),(1498,1,747,0,5,'2023-02-07','skapades från fknr 92','ask'),(1499,1,742,0,4,'2023-02-07','ny fknr 96','ask'),(1500,1,748,0,5,'2023-02-07','skapades från fknr 93','ask'),(1501,1,746,0,1,'2023-02-07','Trelleborg.TINDTCS@bscs.basware.com','ask'),(1502,1,747,0,1,'2023-02-07','invoices@qewrubber.com','ask'),(1503,1,748,0,1,'2023-02-07','auba.ap@trico-group.com','ask'),(1509,1,746,0,4,'2023-02-27','ny fknr 97','ask'),(1510,1,752,0,5,'2023-02-27','skapades från fknr 94','ask'),(1511,1,747,0,4,'2023-02-27','ny fknr 98','ask'),(1512,1,753,0,5,'2023-02-27','skapades från fknr 95','ask'),(1513,1,748,0,4,'2023-02-27','ny fknr 99','ask'),(1514,1,754,0,5,'2023-02-27','skapades från fknr 96','ask'),(1515,21,755,0,5,'2023-02-28','','andrej.brassas'),(1516,21,755,0,3,'2023-02-28','','andrej.brassas'),(1517,21,755,0,3,'2023-02-28','','andrej.brassas'),(1518,21,755,0,3,'2023-03-01','','andrej.brassas'),(1519,21,755,0,3,'2023-03-01','','andrej.brassas'),(1520,21,755,0,3,'2023-03-01','','andrej.brassas'),(1521,21,755,0,3,'2023-03-01','','andrej.brassas'),(1522,1,752,0,1,'2023-03-03','Trelleborg.TINDTCS@bscs.basware.com','ask'),(1523,1,753,0,1,'2023-03-03','invoices@qewrubber.com','ask'),(1524,1,754,0,1,'2023-03-03','auba.ap@trico-group.com','ask'),(1525,1,670,0,1,'2023-03-05','s.brassas@mixcont.com','ask'),(1526,1,623,0,1,'2023-03-05','s.brassas@mixcont.com','ask'),(1527,1,742,1,1,'2023-03-20','auba.ap@trico-group.com','ask'),(1528,1,752,0,4,'2023-03-30','ny fknr 100','ask'),(1529,1,756,0,5,'2023-03-30','skapades från fknr 97','ask'),(1530,1,753,0,4,'2023-03-30','ny fknr 101','ask'),(1531,1,757,0,5,'2023-03-30','skapades från fknr 98','ask'),(1532,1,754,0,4,'2023-03-30','ny fknr 102','ask'),(1533,1,758,0,5,'2023-03-30','skapades från fknr 99','ask'),(1534,1,756,0,1,'2023-03-31','Trelleborg.TINDTCS@bscs.basware.com','ask'),(1535,1,757,0,1,'2023-03-31','invoices@qewrubber.com','ask'),(1536,1,758,0,1,'2023-03-31','auba.ap@trico-group.com','ask'),(1537,21,755,0,3,'2023-04-05','','andrej.brassas'),(1538,1,746,0,3,'2023-04-10','','ask'),(1539,1,748,1,1,'2023-04-11','auba.ap@trico-group.com','ask'),(1540,21,755,0,3,'2023-04-13','','andrej.brassas'),(1545,27,760,0,5,'2023-04-21','','d.b.fasad.kakel'),(1546,27,760,0,3,'2023-04-21','','d.b.fasad.kakel'),(1547,27,760,0,3,'2023-04-21','','d.b.fasad.kakel'),(1548,27,760,0,3,'2023-04-23','','d.b.fasad.kakel'),(1549,27,760,0,3,'2023-04-23','','d.b.fasad.kakel'),(1550,1,758,0,0,'2023-04-25','kocmoc1985@gmail.com','ask');
/*!40000 ALTER TABLE `buh_faktura_send` ENABLE KEYS */;
UNLOCK TABLES;

--
-- Table structure for table `buh_kund`
--

DROP TABLE IF EXISTS `buh_kund`;
/*!40101 SET @saved_cs_client     = @@character_set_client */;
/*!40101 SET character_set_client = utf8 */;
CREATE TABLE `buh_kund` (
  `kundId` int(11) NOT NULL AUTO_INCREMENT,
  `namn` varchar(150) DEFAULT '',
  `orgnr` varchar(30) DEFAULT '',
  `vatnr` varchar(30) DEFAULT '',
  `email` varchar(320) DEFAULT '',
  `bank_giro` varchar(20) DEFAULT '',
  `post_giro` varchar(20) DEFAULT '',
  `bank_konto` varchar(30) DEFAULT '',
  `iban` varchar(30) DEFAULT '',
  `bic` varchar(20) DEFAULT '',
  `swift` varchar(20) DEFAULT '',
  `swish` varchar(30) DEFAULT '',
  `f_skatt` tinyint(1) DEFAULT 0,
  `date_created` varchar(30) DEFAULT 'no',
  PRIMARY KEY (`kundId`)
) ENGINE=InnoDB AUTO_INCREMENT=43 DEFAULT CHARSET=utf8;
/*!40101 SET character_set_client = @saved_cs_client */;

--
-- Dumping data for table `buh_kund`
--

LOCK TABLES `buh_kund` WRITE;
/*!40000 ALTER TABLE `buh_kund` DISABLE KEYS */;
INSERT INTO `buh_kund` VALUES (1,'MixCont AB','556251-6806','SE556251680601','finance@mixcont.com','5129-0542','','','SE3950000000059471003660','ESSESESS','ESSESESM','',1,'no'),(2,'Amelias Auktioner','800714-5058','SE800714505801','alex_breicht@yahoo.se','','','821499939331113','','','','',1,'no'),(21,'Con-Cord Co. s.r.o','','','cordco@nextra.sk','','','','SK55 1111 0000 0014 5209 3003',' ','UNCRSKBX','',1,'2020-10-20 15.58.22.218'),(26,'VCG AB','559081-3811','SE559081381101','verblina07@yahoo.se','5129-0542','','','','','','',1,'2020-10-28 17.49.28.404'),(27,'Nordic Separation Experts AB','559222-4793','SE598000821497041025847','dima@nordicseparationexperts.com','5392-7307','','LT727300010162118934','SE598000821497041025847','','','',1,'2020-11-01 18.40.55.685'),(28,'Dack Center Hoor','851129-9078','SE851129907801','dackcenterid@gmail.com','5432-3829','','','','','','',1,'2020-11-02 13.50.39.462'),(29,'GROSSITS AB','556321-6809','SE556321680901','exempel@lafakturering.se','4050-2055','','','SE3950000000059471003660','ESSESESS','ESSESESM','',1,'2021-02-24 11.55.18.571'),(32,'Verbi Consult Group AB','599081-3811','','saruss.lv@gmail.com','','','','','','','',0,'2021-06-22 19.30.37.174'),(34,'Santander Consumer Bank','','','info@santander.se','5562-1734','','','','ESSESESS','ESSESESM','',1,'2021-08-18 19.05.03.227'),(40,'Klicko AB','556251-8741','SE556251874101','kocmoc1985@gmail.com','5555-4452','','','','','','123458795',1,'2021-09-03 11.35.23.460'),(41,'Vitalii Kyselov','960324-1630','','vitalii.kyselov@mail.ru','','','','','','','0724294662',0,'2021-10-03 17.27.26.098'),(42,'VG FasadBygg AB','559285-9499','','info@vgfasadbygg.se','','','','','','','',0,'2021-11-20 20.07.00.082');
/*!40000 ALTER TABLE `buh_kund` ENABLE KEYS */;
UNLOCK TABLES;

--
-- Table structure for table `buh_licens`
--

DROP TABLE IF EXISTS `buh_licens`;
/*!40101 SET @saved_cs_client     = @@character_set_client */;
/*!40101 SET character_set_client = utf8 */;
CREATE TABLE `buh_licens` (
  `licensId` int(11) NOT NULL AUTO_INCREMENT,
  `kundId` int(11) NOT NULL,
  `master` tinyint(1) DEFAULT 0,
  `user` varchar(100) DEFAULT '',
  `email_guest` varchar(100) DEFAULT '',
  `pass` varchar(255) DEFAULT '',
  `ip` varchar(50) DEFAULT '',
  `user_agent` varchar(300) DEFAULT '',
  `mac` varchar(50) DEFAULT '',
  `os` varchar(50) DEFAULT '',
  `lang` varchar(20) DEFAULT '',
  `pc_user_name` varchar(100) DEFAULT '',
  `java` varchar(100) DEFAULT '',
  `date_created` timestamp NOT NULL DEFAULT current_timestamp(),
  PRIMARY KEY (`licensId`),
  UNIQUE KEY `user` (`user`),
  KEY `kundId` (`kundId`),
  CONSTRAINT `buh_licens_ibfk_1` FOREIGN KEY (`kundId`) REFERENCES `buh_kund` (`kundId`)
) ENGINE=InnoDB AUTO_INCREMENT=71 DEFAULT CHARSET=utf8;
/*!40101 SET character_set_client = @saved_cs_client */;

--
-- Dumping data for table `buh_licens`
--

LOCK TABLES `buh_licens` WRITE;
/*!40000 ALTER TABLE `buh_licens` DISABLE KEYS */;
INSERT INTO `buh_licens` VALUES (8,2,1,'alex_breicht@yahoo.se','','$2y$10$Y.nlx1NCACLwBgfUmud2g.UOu0KBrokleM7vkPUQpgSuMxzwz6r42','','','','','','','','2020-10-13 21:00:00'),(13,1,1,'ask@mixcont.com','','$2y$10$ifO8zz8q7Vx9IMlwq7C6yuXyHpGiBiJLo/uNKcEk8P5lXozuL7s0m','213.112.76.28','','00-80-C8-38-E3-0C','Windows XP','en','KOCMOC','1.8.0_65_32_Oracle Corporation','2020-10-13 21:00:00'),(25,21,1,'andrej.brassas@gmail.com','','$2y$10$8/3xZaZrbDg6PkQJZ45hS.syM8u42PNC3cIxHljQD7HCsFIF.PgVO','213.112.77.148','','00-80-C8-38-E3-0Cfake','Windows XP','en','KOCMOC','1.8.0_65_32_Oracle Corporation','2020-10-19 21:00:00'),(47,26,1,'verblina07@yahoo.se','','$2y$10$1ooCbBAEiwFAtkV4KRDV/umGerlzXaNTr2Zoh1VPITq3IGWJE7as6','151.177.37.114','Java/1.8.0_222','14-AB-C5-19-9C-F4','Windows 10','sv','sarus','1.8.0_222_64_AdoptOpenJDK','2020-10-28 13:49:29'),(49,27,1,'d.b.fasad.kakel@gmail.com','','$2y$10$04e4s5qH7rKSAcfBuV2/veQB6q1PPHrhN2r0dNvSAsz9GxXzOuYuy','83.187.184.18','Java/11.0.3','1C-BF-C0-C7-07-B1','Windows 10','ru','HP','11.0.3_64_Eclipse OpenJ9','2020-11-01 13:43:53'),(50,28,1,'dontuivan@outlook.com','','$2y$10$JHO14zfiFhgrHIl6b6R2lujneNNfBeSGoR64au1IXL8ls1KW3uHdu','37.250.10.183','Java/11.0.3','30-9C-23-C0-5E-D6','Windows 10','en','info','11.0.3_64_Eclipse OpenJ9','2020-11-02 09:50:40'),(51,29,1,'exempel@lafakturering.se','','$2y$10$s6y/CxAzTyzBjNA2YSFJDOQ7ISECWUDdv/F60ULrnNef3bbyrsRRq','94.234.172.7','Java/1.8.0_212','B4-99-BA-5A-D8-F4','Windows 7','sv','MARKUS','1.8.0_212_64_Eclipse OpenJ9','2021-02-24 07:55:21'),(56,28,0,'guest_28_saruss.lv@outlook.com','saruss.lv@outlook.com','$2y$10$.Umk1eK73oLNDkbbswI54u/O2YFL6mReuqKnfYPxdMDwvcXmS.Vma','2.71.249.189','','','','','','','2021-03-05 06:24:14'),(60,32,1,'saruss.lv@gmail.com','','$2y$10$74C/CGN.e79JgxmYelgaluAf7yVPJhxwEsig9Zcz1zk4Cu6mS4wLq','151.177.37.114','Java/11.0.3','14-AB-C5-19-9C-F4','Windows 10','sv','sarus','11.0.3_64_Eclipse OpenJ9','2021-06-22 14:30:38'),(62,34,1,'demo@lafakturering.se','','$2y$10$0JHXonl1ZWqm/bH/MUjr/OEYvKwXu2pHjXeXqLiU1CuTIxEyTiF2u','2.65.38.129','Java/1.8.0_212','E4-F8-9C-07-CE-DE','Windows 10','en','MCREMOTE','1.8.0_212_64_Eclipse OpenJ9','2021-08-18 14:04:56'),(68,40,1,'kocmoc1985@gmail.com','','$2y$10$5q3PWTnh6EyfFRsap/55OOk/y6pGmdDpRmdTb7W6TnW3QrWszP5/i','94.234.172.7','Java/11.0.3','B4-99-BA-5A-D8-F4','Windows 7','sv','HP-A','11.0.3_64_Eclipse OpenJ9','2021-09-03 06:35:26'),(69,41,1,'vitalii.kyselov@mail.ru','','$2y$10$gNChDBog.eOwhk6GqqPRcOyt57hIUjiDVN5HgDxNvF7Jli0Yq4OYW','2.68.11.195','Java/11.0.3','0C-DD-24-A4-59-A7','Windows 10','sv','PC','11.0.3_64_Eclipse OpenJ9','2021-10-03 13:27:27'),(70,42,1,'2438826@gmail.com','','$2y$10$ABTgIIZFOba9hQ81oZ8.ser7ixobdCO.Fv0brcrExRr0OFGe07RRW','94.191.152.170','Java/11.0.3','A4-4E-31-21-56-68','Windows 10','sv','root','11.0.3_64_Eclipse OpenJ9','2021-11-20 16:06:56');
/*!40000 ALTER TABLE `buh_licens` ENABLE KEYS */;
UNLOCK TABLES;

--
-- Table structure for table `buh_login_failed`
--

DROP TABLE IF EXISTS `buh_login_failed`;
/*!40101 SET @saved_cs_client     = @@character_set_client */;
/*!40101 SET character_set_client = utf8 */;
CREATE TABLE `buh_login_failed` (
  `login_id` int(11) NOT NULL AUTO_INCREMENT,
  `user` varchar(100) DEFAULT '',
  `user_agent` varchar(200) DEFAULT '',
  `ip` varchar(100) NOT NULL,
  `date_failed` timestamp NOT NULL DEFAULT current_timestamp(),
  PRIMARY KEY (`login_id`)
) ENGINE=InnoDB DEFAULT CHARSET=utf8;
/*!40101 SET character_set_client = @saved_cs_client */;

--
-- Dumping data for table `buh_login_failed`
--

LOCK TABLES `buh_login_failed` WRITE;
/*!40000 ALTER TABLE `buh_login_failed` DISABLE KEYS */;
/*!40000 ALTER TABLE `buh_login_failed` ENABLE KEYS */;
UNLOCK TABLES;

--
-- Table structure for table `buh_notes`
--

DROP TABLE IF EXISTS `buh_notes`;
/*!40101 SET @saved_cs_client     = @@character_set_client */;
/*!40101 SET character_set_client = utf8 */;
CREATE TABLE `buh_notes` (
  `kundId` int(11) NOT NULL,
  `note` varchar(1000) DEFAULT '',
  `date_last_change` timestamp NOT NULL DEFAULT current_timestamp(),
  UNIQUE KEY `kundId` (`kundId`),
  CONSTRAINT `buh_notes_ibfk_1` FOREIGN KEY (`kundId`) REFERENCES `buh_kund` (`kundId`)
) ENGINE=InnoDB DEFAULT CHARSET=utf8;
/*!40101 SET character_set_client = @saved_cs_client */;

--
-- Dumping data for table `buh_notes`
--

LOCK TABLES `buh_notes` WRITE;
/*!40000 ALTER TABLE `buh_notes` DISABLE KEYS */;
/*!40000 ALTER TABLE `buh_notes` ENABLE KEYS */;
UNLOCK TABLES;

--
-- Table structure for table `buh_visitors`
--

DROP TABLE IF EXISTS `buh_visitors`;
/*!40101 SET @saved_cs_client     = @@character_set_client */;
/*!40101 SET character_set_client = utf8 */;
CREATE TABLE `buh_visitors` (
  `visitId` int(11) NOT NULL AUTO_INCREMENT,
  `kundId` int(11) NOT NULL,
  `program_ver` varchar(10) DEFAULT '',
  `user` varchar(100) DEFAULT '',
  `ip` varchar(50) DEFAULT '',
  `user_agent` varchar(300) DEFAULT '',
  `mac` varchar(50) DEFAULT '',
  `os` varchar(50) DEFAULT '',
  `lang` varchar(20) DEFAULT '',
  `pc_user_name` varchar(100) DEFAULT '',
  `java` varchar(100) DEFAULT '',
  `date_visit` timestamp NOT NULL DEFAULT current_timestamp(),
  PRIMARY KEY (`visitId`)
) ENGINE=InnoDB AUTO_INCREMENT=5 DEFAULT CHARSET=utf8;
/*!40101 SET character_set_client = @saved_cs_client */;

--
-- Dumping data for table `buh_visitors`
--

LOCK TABLES `buh_visitors` WRITE;
/*!40000 ALTER TABLE `buh_visitors` DISABLE KEYS */;
INSERT INTO `buh_visitors` VALUES (1,21,'119','andrej.brassas@gmail.com','127.0.0.1','Java/1.8.0_161','B4-8C-9D-81-4F-03','Windows 10','ru','KOCMOC','1.8.0_161_64_Oracle Corporation','2023-04-25 14:55:45'),(2,21,'119','andrej.brassas@gmail.com','127.0.0.1','Java/1.8.0_161','B4-8C-9D-81-4F-03','Windows 10','ru','KOCMOC','1.8.0_161_64_Oracle Corporation','2023-04-25 14:57:49'),(3,21,'119','andrej.brassas@gmail.com','127.0.0.1','Java/1.8.0_161','B4-8C-9D-81-4F-03','Windows 10','ru','KOCMOC','1.8.0_161_64_Oracle Corporation','2023-04-25 15:12:52'),(4,1,'119','ask@mixcont.com','127.0.0.1','Java/1.8.0_161','B4-8C-9D-81-4F-03','Windows 10','ru','KOCMOC','1.8.0_161_64_Oracle Corporation','2023-04-25 17:56:56');
/*!40000 ALTER TABLE `buh_visitors` ENABLE KEYS */;
UNLOCK TABLES;
/*!40103 SET TIME_ZONE=@OLD_TIME_ZONE */;

/*!40101 SET SQL_MODE=@OLD_SQL_MODE */;
/*!40014 SET FOREIGN_KEY_CHECKS=@OLD_FOREIGN_KEY_CHECKS */;
/*!40014 SET UNIQUE_CHECKS=@OLD_UNIQUE_CHECKS */;
/*!40101 SET CHARACTER_SET_CLIENT=@OLD_CHARACTER_SET_CLIENT */;
/*!40101 SET CHARACTER_SET_RESULTS=@OLD_CHARACTER_SET_RESULTS */;
/*!40101 SET COLLATION_CONNECTION=@OLD_COLLATION_CONNECTION */;
/*!40111 SET SQL_NOTES=@OLD_SQL_NOTES */;

-- Dump completed on 2023-04-25 21:13:14
